key,category,n_re,n_im,epsr,film_R_min,film_R_max,film_R_mean,film_RR_min,film_RR_max,film_A_mean,film_A_max,film_lossless,film_nonphys,film_Rflat_min,film_Rflat_max,bulk_R_min,bulk_R_max,bulk_R_mean,bulk_RR_min,bulk_RR_max,bulk_A_mean,bulk_A_max,bulk_lossless,bulk_nonphys,bulk_Rflat_min,bulk_Rflat_max,time
Ag,plasmonic metal,0.04409132336408547,4.467334147173746,-22.125140738756127,0.004838722448760038,0.9926045667859721,0.9412890900892121,0.380124453246877,1.0024194580315928,0.019485667222022735,0.31050614540091837,False,0.0,0.8926900778304226,0.9926045667859721,0.0760913498893461,0.9966337694158225,0.9748531635292669,0.5221558651117008,1.0,0.025146836470733135,0.9239086501106539,False,0.0,0.9788187737659237,0.9966337694158225,2.527488946914673
Au,plasmonic metal,0.5047374843943837,3.673676599548628,-15.429415600720366,0.30964456439144283,0.9700524991238338,0.7505731069423796,0.7840969720641767,1.006354998038604,0.1922098757256763,0.6190222220178465,False,0.0,0.4201451186519063,0.9700524991238338,0.30020416684041,0.9790544549996223,0.7955932063437896,0.7905055432581128,1.0,0.20440679365621028,0.6997958331595899,False,0.0,0.40791357469759304,0.9790544549996223,2.5237772464752197
Cu,plasmonic metal,0.641631673680377,3.87889483697901,-16.475345598118455,0.3420764770129051,0.9592357705405239,0.7589775159200112,0.7342296876192659,1.002474707692293,0.20656110665205224,0.6106025286575053,False,0.0,0.5180306961018045,0.9592357705405239,0.3437505718649455,0.9691410172260865,0.7868704805498702,0.7357985431783896,1.0,0.21312951945012976,0.6562494281350545,False,0.0,0.5270173411046761,0.9691410172260865,2.5574121475219727
Al,plasmonic metal,1.4521647509364524,7.287448157293063,-52.17100422822885,0.021705619683940528,0.9223534881747246,0.8958194387774517,0.6734880470053575,1.0,0.1037435408493514,0.975579389998881,False,0.0,0.8754795381326776,0.9223534881747246,0.0024714036708842336,0.9284704080063416,0.897430120292785,0.6736158783526065,1.0,0.10256987970721504,0.9975285963291157,False,0.0,0.8711161875008215,0.9284704080063416,2.409571647644043
Na,plasmonic metal,0.05773377300187741,2.7959809459653857,-8.514305240053318,0.20629675307433462,0.9226098922279525,0.7907682470546575,0.5448720743589298,1.0018756818770016,0.041042018691602324,0.24620233846889594,False,0.0,0.6608902600961029,0.9226098922279525,0.08183348279088658,0.9867905220090593,0.9517260955137925,0.5297899171739606,1.0,0.048273904486207324,0.9181665172091135,False,0.0,0.9351031306292584,0.9867905220090593,2.5023441314697266
K,plasmonic metal,0.04489463006945241,1.847600657575255,-3.8342223817215917,0.19395985240176064,0.733665498165298,0.5131104786663407,0.5511365558490063,1.0,0.041337380226191794,0.14527207078232496,False,0.0,0.35238611464071895,0.733665498165298,0.0836994188159862,0.9829046112907573,0.919780375122673,0.2997070087510398,1.0,0.08021962487732692,0.9163005811840138,False,0.0,0.9196257980186111,0.9829046112907573,2.5561068058013916
Mg,plasmonic metal,1.1003227365927695,5.948070610435165,-36.40537551445712,0.046368171150036594,0.9004071431049663,0.8740008451472997,0.5279003694095791,1.0,0.12326944232813297,0.9290962075852548,False,0.0,0.8742122658704995,0.9004071431049663,0.07676505959223771,0.9020418426152252,0.8794065048876828,0.5586522550498789,1.0,0.12059349511231725,0.9232349404077623,False,0.0,0.8822425353297103,0.9020418426152252,2.406019687652588
AuAg50,plasmonic metal,0.42740447264850373,4.03012587579869,-18.6326785799506,0.34193649909837737,0.9473259629293934,0.8057868714293054,0.7361076769223319,1.0005166818930549,0.14799099947079844,0.5089217562220627,False,0.0,0.4886945689716515,0.9473259629293934,0.38058396357422625,0.9557337481625231,0.8463607596076319,0.7204891757590941,1.0,0.15363924039236818,0.6194160364257737,False,0.0,0.5783975203754627,0.9557337481625231,2.482849359512329
Au_IR,plasmonic metal,0.4812302787336109,3.7148964691238255,-15.90775579620653,0.30100208344814233,0.9778351623492593,0.7583260363987695,0.7878871935835842,1.0062010435076427,0.18267582595008316,0.6261307248140981,False,0.0,0.4044375127864153,0.9778351623492593,0.2876525119602791,0.985654492611503,0.8055603596663514,0.796361671551277,1.0,0.1944396403336486,0.7123474880397209,False,0.0,0.38545679668533034,0.985654492611503,2.465958833694458
Ag_IR,plasmonic metal,0.06892689769469003,4.348674336426811,-20.92679103357748,0.04190311345900092,0.9852845624621367,0.9326913013147287,0.3718772575402062,1.0048565823801925,0.026020311846180255,0.35510987636429303,False,0.0,0.8792050648952211,0.9852845624621367,0.13960880874882678,0.9905720459746868,0.9686449665374287,0.46962540790202256,1.0,0.0313550334625714,0.8603911912511732,False,0.0,0.9710823809327515,0.9905720459746868,2.5204851627349854
TiN,alternative plasmonic,1.58959846500398,2.7250349699303706,-5.949101876879994,0.2208302774882521,0.6664128336946612,0.49657199168685195,0.8480191855470804,1.0,0.41246099371300426,0.6125217668592342,False,0.0,0.2706098323713436,0.6664128336946612,0.18643958280907597,0.6923081362647905,0.5168597535994637,0.853801409172833,1.0,0.46628878983380967,0.7413006953853108,False,0.0,0.22646193477908844,0.6923081362647905,2.4406611919403076
ITO,ENZ / TCO,1.7039818176663484,0.02208254538046468,2.957228741423942,0.033543619167425535,0.2082377315269818,0.10337677748390246,0.9018535721001022,1.0,0.016876126279868675,0.034919438189347174,False,0.0,0.0343891188230004,0.2082377315269818,0.016687817883227214,0.1086195704888974,0.06646041922917792,0.905472919376839,1.0,0.022544379922449488,0.05186075957355729,False,0.0,0.01707300544942498,0.10861726069125609,2.495276689529419
AZO,ENZ / TCO,0.583693163,0.9201641538,-0.5060043614055256,0.11288767634167608,0.2733417695987165,0.18455650932754394,0.900661039174678,1.0,0.26575603993015856,0.37970143733961403,False,0.0,0.11655848673334157,0.2733417695987165,0.2708452247091113,0.30403659368437097,0.2949819054626245,0.8957355515149864,1.0,0.7050180945373755,0.7291547752908887,False,0.0,0.3040363359856288,0.30403659368437097,2.4404003620147705
W,lossy metal,1.5195410729405854,7.384858157920334,-57.636164682042285,0.23792019053603622,0.9478740576588336,0.8640890100144322,0.672931879256473,1.0,0.135312731989138,0.7613785639834953,False,0.0,0.7712084261268171,0.9478740576588336,0.2489481744924458,0.9488523296019602,0.8681285139520144,0.6825508407959039,1.0,0.13187148604798563,0.7510518255075542,False,0.0,0.7691179732931905,0.9488523296019602,2.397597074508667
Fe,lossy metal,2.824878230749807,3.1457157370176425,-2.0035814451024914,0.323654759846416,0.6032682901657904,0.5410586279144591,0.7602894023090743,1.0,0.4301367932188032,0.6621216922063184,False,0.0,0.4996655815618839,0.6032682901657904,0.31968200142230846,0.6007550818287264,0.5293417396062531,0.7683610119722579,1.0,0.47065826039374686,0.6803179985776915,False,0.0,0.4924364018213087,0.6007550818287264,2.343473196029663
Co,lossy metal,2.213630933396821,4.2365732063048664,-13.487362221021233,0.3361345916933564,0.739830852474189,0.6657748801714828,0.704728532759688,1.0,0.32373467675459516,0.6523972236767082,False,0.0,0.616396108894761,0.739830852474189,0.3371868652609382,0.7463901017598299,0.6699607684722426,0.7014458951687151,1.0,0.3300392315277573,0.6628131347390618,False,0.0,0.6142588721930813,0.7463901017598299,2.4025790691375732
Cr,lossy metal,2.9679981269232742,3.342126264719731,-2.237137816304016,0.3333792857652764,0.5961619133009648,0.5649171674462538,0.7386757304796827,1.0,0.4118330371632641,0.6564833232414766,False,0.0,0.5567577853004555,0.5961619133009648,0.33283415373697545,0.5752415282050274,0.5502773357772869,0.7443521805560946,1.0,0.4497226642227133,0.6671658462630246,False,0.0,0.5512651313112116,0.5752415282050274,2.3898556232452393
Ni,lossy metal,2.038085517583348,4.137829725048256,-13.737757863501082,0.3384382943116875,0.7549340425005593,0.6611806054874046,0.7278453118326313,1.0,0.32594674814635294,0.6439772838616016,False,0.0,0.5652438179774134,0.7549340425005593,0.3374861008577498,0.764932421763864,0.6683446589681409,0.7298809077434087,1.0,0.3316553410318592,0.6625138991422501,False,0.0,0.5605287415657457,0.764932421763864,2.490778684616089
Ti,lossy metal,2.759898442902371,3.620987722784169,-5.485805370037385,0.33287353891372223,0.6359058884801119,0.5920094508169352,0.7378841301765651,1.0,0.3902925715613733,0.6562153048978112,False,0.0,0.5502008013320763,0.6359058884801119,0.33180820315893644,0.6226710742010222,0.5835016885524636,0.7481635540590118,1.0,0.4164983114475363,0.6681917968410636,False,0.0,0.5437978181790355,0.6226710742010222,2.506011724472046
Pt,lossy metal,0.591910344758864,6.41793390824281,-45.54368872479366,0.21213978117910537,0.9693047953599254,0.9061754575064264,0.5648968014715818,1.0,0.09089755064032787,0.7659218928658076,False,0.0,0.80413048928235,0.9693047953599254,0.18623808838940403,0.970125088809406,0.9123138722595696,0.5571696882001342,1.0,0.08768612774043032,0.813761911610596,False,0.0,0.8219552119827735,0.970125088809406,2.4507641792297363
Pd,lossy metal,1.8046408243700511,4.384865057827422,-16.6853049238468,0.32958881255576644,0.7817988869821709,0.7034990292421536,0.6769230893814496,1.0,0.28625143875061604,0.6558450322428949,False,0.0,0.6457604406892291,0.7817988869821709,0.3294483612704177,0.7920836368850525,0.7133546711932802,0.6760047833898843,1.0,0.28664532880671983,0.6705516387295822,False,0.0,0.6503561465757037,0.7920836368850525,2.4104578495025635
Mo,lossy metal,1.2916523085271383,9.303187200484642,-92.04885284533796,0.054447241876034905,0.958635520360196,0.9420448951973812,0.7274951843343546,1.0,0.05785845413836955,0.9435938991967489,False,0.0,0.9394262588510034,0.958635520360196,0.11689819223387593,0.9583728028176299,0.9429234121949698,0.7445906955487783,1.0,0.05707658780503013,0.8831018077661241,False,0.0,0.9386645460891964,0.9583728028176299,2.36163592338562
brass,lossy metal,0.6523103316569503,3.724807972768444,-15.614628431111479,0.30640602912089354,0.9291064521344271,0.7354554908849268,0.7916682770420765,1.0,0.2153017708268656,0.5954982352333078,False,0.0,0.4024795086964192,0.9291064521344271,0.3035271784252564,0.9421058841017528,0.773665584204808,0.7939950926160956,1.0,0.226334415795192,0.6964728215747436,False,0.0,0.40499153270296673,0.9421058841017528,2.4906396865844727
steel,lossy metal,2.5031450673433,4.10256905806399,-10.643893267064943,0.337528285273269,0.7028875503877346,0.6453991672556214,0.7058332308269151,1.0,0.3431057057850763,0.6477689361014348,False,0.0,0.5988155908760988,0.7028875503877346,0.3377603736218217,0.6967158356626385,0.6436854377810732,0.7151509851287065,1.0,0.3563145622189267,0.6622396263781782,False,0.0,0.597212074667712,0.6967158356626385,2.383065938949585
VO2_cold,phase change,3.1055644239926457,0.3799160321272246,9.52828594241608,0.20263860506814893,0.48541252573307353,0.39912826788191824,0.8529916094324211,1.0063773594753604,0.2196027431392453,0.40871447190296734,False,0.0,0.25041620170644935,0.48541252573307353,0.22571706961686366,0.29786498597796746,0.26379494962039307,0.8725006453636948,1.0,0.2760551791616659,0.43659547358129414,False,0.0,0.2461253525518872,0.29786498597796746,2.565645217895508
VO2_hot,phase change,2.340042400535382,0.6509419380327695,5.1913668459697515,0.1688248428130552,0.39760881017571775,0.2750622811971547,0.8460386394677962,1.0,0.32286699388991386,0.4710333898876431,False,0.0,0.17393999940333846,0.39760881017571775,0.13899785145258825,0.253580057385155,0.20373428090309897,0.8683362880571581,1.0,0.4147772573210028,0.5521907489160218,False,0.0,0.14423057779120976,0.253580057385155,2.5417919158935547
Si,semiconductor,4.022315846968223,0.035468555994051555,16.375279896418714,0.07642926938060489,0.7296729112048779,0.5210773152964813,0.852149970420702,1.0103408361362365,0.04547214207967035,0.21841654462418536,False,0.0018140589569160999,0.08134248736979013,0.6663876589078835,0.29825202663929107,0.4295650924310818,0.3530455339368505,0.8718979008659431,1.0,0.03095133367325069,0.15010161135331823,False,0.0,0.3176374258106363,0.4295650924310818,2.5251853466033936
Si_IR,semiconductor,4.031698235344268,0.03892187995309106,16.45038060279771,0.08040289837645051,0.7405962998117125,0.5222390946791724,0.8548258610121302,1.0111074781346707,0.04903526459356803,0.23265962229790305,False,0.0018140589569160999,0.08645784513557338,0.6675861886625004,0.2985589683214796,0.4305248547301878,0.3538969219644408,0.8715894240780201,1.0,0.03382803067435184,0.16186509911771374,False,0.0,0.3183333660191952,0.4305248547301878,2.5432748794555664
Ge,semiconductor,4.71015455912428,1.1391360629146718,20.215192221050106,0.3002701750712432,0.7136160750034897,0.5458314547082436,0.8067638319072554,1.01659766246018,0.30683350871982984,0.6769048648938198,False,0.0,0.30585358521203143,0.7136160750034897,0.30927340860682717,0.5165048372672156,0.44825768673370725,0.8144137743737561,1.0,0.3059054662821863,0.677957844237814,False,0.0,0.40197725884277125,0.5165048372672156,2.4758689403533936
Ge_IR,semiconductor,3.507224255038234,2.024991599077951,7.752683283495573,0.30792671583808523,0.6612536287699524,0.5299098064857394,0.7857889927808969,1.0,0.38854004592455627,0.6732474688732342,False,0.0,0.4564555983761048,0.6612536287699524,0.3070830130488342,0.5021417489553811,0.4426594356769947,0.7869074722929777,1.0,0.43694517168247343,0.6858752407462642,False,0.0,0.3972542555100869,0.5021417489553811,2.619403123855591
GaAs,semiconductor,3.9554960712050153,0.43045428704762345,15.452133657597944,0.32610738682418333,0.6334327757639521,0.5266371589541524,0.8461262058933348,1.0203477070230549,0.1778207150905613,0.6180240872118488,False,0.0,0.33989494016248045,0.6143889834286876,0.30379139241683834,0.4700404488576391,0.35125542321466563,0.8365386790097429,1.0,0.19260660770492896,0.6482448202164914,False,0.0,0.3090377440102588,0.4700404488576391,2.4862213134765625
InP,semiconductor,3.6675577039780647,0.40215209926219175,13.303819359861995,0.2239834488551946,0.5646884609358629,0.4708273224144018,0.8580924372906733,1.0155677963957794,0.22334513645899035,0.6124233630728761,False,0.0,0.2826562179526944,0.5646884609358629,0.27696469145598024,0.3901059557396788,0.32472262402009106,0.8530654150985157,1.0,0.2498225030692937,0.5805073203017745,False,0.0,0.30512175571985645,0.3901059557396788,2.459041118621826
GaP,semiconductor,3.4296555871141337,0.028826172086376018,11.837961396097521,0.07515272874738028,0.7884668159351524,0.4710842900575699,0.9201645587694471,1.0051333951049424,0.03832738528953447,0.24699243966256113,False,0.012244897959183673,0.08791650293400916,0.5941150477272662,0.2650994164629077,0.3694210848863551,0.30002712852325136,0.834843566333893,1.0,0.0414709713025969,0.2683920465816691,False,0.007774538386783284,0.27165174714993173,0.3694210848863551,2.8018083572387695
InSb,semiconductor,4.313039927710737,1.2945704430054854,16.665841025374043,0.2716575381264229,0.6655471692425539,0.5153562488987482,0.8246634137114178,1.0,0.3652096542712147,0.6780212962716745,False,0.0,0.3820150909374782,0.6655471692425539,0.29042854391608347,0.49322414251633734,0.421998470334677,0.8235802156005203,1.0,0.3975148640322027,0.6801893237983708,False,0.0,0.3825396251838493,0.49322414251633734,2.4566259384155273
CdTe,semiconductor,2.956019076772937,0.25569131265621825,8.65021963614842,0.21594091288844075,0.48257298060929643,0.3988544833581263,0.848709561942315,1.0054682756610542,0.1612861894610055,0.4377564646796183,False,0.0,0.2815077395773785,0.46711030877815934,0.20920603734025914,0.27194952327508787,0.24386144142546948,0.8697897314519323,1.0,0.20838644292016142,0.49311432098841157,False,0.0,0.22269351451170286,0.27194952327508787,2.622546672821045
MAPbI3,semiconductor,2.4270720924392224,0.25306844324160194,5.798788089315885,0.18072787681466637,0.3410193551200153,0.27944363978376363,0.8613368533809647,1.0,0.17855978473385578,0.41107213506410206,False,0.0,0.1862572858278479,0.3410193551200153,0.15293727503580729,0.18864977385236126,0.17546157285494487,0.8775864470139968,1.0,0.22467135265124447,0.5191241906859185,False,0.0,0.15876700126928958,0.18864977385236126,2.6532061100006104
MoS2,semiconductor,4.651026703041515,1.2077126047368203,19.124916633214177,0.32358784847421457,0.7117373717102228,0.5530308798832697,0.778334268548926,1.0050466243676761,0.30022684866002364,0.6718568844570566,False,0.0,0.39746436328924756,0.7117373717102228,0.3268718658706183,0.550382730329848,0.4461628880986185,0.7872208284487678,1.0,0.30810915195905864,0.671265151249357,False,0.0,0.3843378517711424,0.550382730329848,2.608520030975342
SiO2,dielectric,1.4578414213012587,0.0,2.1253313482054907,0.03159084301867962,0.03572870838655459,0.03409326832606831,0.9209421102933888,1.0,5.225605063157158e-07,0.00046919686530444427,True,0.0,0.033824639212880266,0.03572870838655459,0.03159084301871414,0.03572870838654355,0.03409326832604067,0.9209421102935619,1.0,-9.825328286065366e-06,7.519060123550858e-05,True,0.0045351473922902496,0.03382463921283349,0.03572870838654355,2.59173321723938
sapphire,dielectric,1.7672312762302949,0.0,3.123179346491018,0.05863467927630922,0.13238958313670315,0.0931666457997203,0.9116999297854943,1.0,1.535452184037079e-06,0.0021488870990413744,True,0.0009070294784580499,0.06003759078307592,0.13238958313670315,0.06777304644252209,0.07877842545440533,0.0755132802892508,0.9098084126717265,1.0,-5.739434588285156e-06,0.012554342281563713,True,0.004081632653061225,0.07529840803935829,0.07877842545440533,2.377330780029297
Si3N4,dielectric,2.0441834218895694,0.0,4.179256033898982,0.10197047813902667,0.24479384930159026,0.1782069714602218,0.8971560019854025,1.0,3.0308676617770057e-06,0.004642704142657106,True,0.0036281179138321997,0.10493119250807965,0.24479384930159026,0.1055749261361355,0.12321723664462075,0.11513123035904693,0.9120499689894004,1.0,-2.552416758943221e-07,0.0030292412767359833,True,0.0026455026455026454,0.11255784244693491,0.12321723664462075,2.6844522953033447
TiO2,dielectric,2.624133656082355,0.0,6.902386206385809,0.22934106361553822,0.46137802369975756,0.36042040288749316,0.8334648520397496,1.0038883768732287,-0.0002897642216777527,0.03779935324161898,True,0.009070294784580499,0.23628277124071426,0.46137802369975756,0.1764756433850576,0.2336010729935756,0.19968127253802673,0.8789465342919195,1.0,-5.754190600612386e-05,0.020810200902028786,True,0.007558578987150416,0.1830462698168819,0.2336010729935756,2.6880269050598145
ZnO,dielectric,2.006720022763271,0.0,4.030207653777753,0.0883154627217768,0.25269878582864497,0.1671632092247324,0.8963621210927075,1.0,6.670590648234684e-06,0.00549385504638622,True,0.0031746031746031746,0.0907869801407769,0.25269878582864497,0.09949918291361008,0.1266735683573676,0.1093707534509915,0.9045236666178007,1.0,6.0078671030765414e-05,0.010959331493669011,True,0.003779289493575208,0.10221890917883517,0.12662042663850667,2.614079713821411
ZnGeP2,dielectric,3.4272069228774553,0.0,11.755837586474186,0.1874314319105548,0.6546551447628829,0.5184334882676485,0.8558599133443775,1.0030203134802254,-8.188101209791572e-06,0.040063359719922365,True,0.012244897959183673,0.2111486570626741,0.6209955755004903,0.23337192772618492,0.3092055156214407,0.29534595335320446,0.8727234883741307,1.0,-3.0691475233785966e-05,0.005161265418060057,True,0.01004211208292841,0.2791335501156863,0.3092055156214407,2.90502667427063
diamond,dielectric,2.4163683955704642,0.0,5.83911453053689,0.19239689445675534,0.36664272151036553,0.30510860187189376,0.8655699890780721,1.0,1.5706035982002952e-05,0.0647097604204192,True,0.008616780045351474,0.20584903243816777,0.36664272151036553,0.14653682051822994,0.17570495404304012,0.1687456391347849,0.898966905029621,1.0,-9.660921838768398e-06,0.0011346790083522906,True,0.006046863189720333,0.16806282419651938,0.17570495404304012,2.8486218452453613
HfO2,dielectric,1.8984870499984894,0.0,3.6044689234731884,0.0770944606881653,0.18634032549845095,0.13093480225256166,0.9046820466640638,1.0,2.258702351545158e-07,0.002763101753699315,True,0.0031746031746031746,0.07916078198920322,0.18634032549845095,0.0848925893011845,0.09998281641775807,0.09437370152605612,0.9069296587916991,1.0,2.6166214686473577e-06,0.0010241695097555903,True,0.0,0.09355604636417496,0.09998281641775807,2.611431121826172
Ta2O5,dielectric,2.1459838980726067,4.594029892484367e-05,4.606848443243668,0.12074390186982907,0.2906633722634359,0.21289861781805325,0.8916365264367118,1.0,4.365485776356788e-05,0.02623080969098024,False,0.004081632653061225,0.12436414716020668,0.2906633722634359,0.12153878103539353,0.14577581613587406,0.1314820465020501,0.8765960893571466,1.0,9.810499649514123e-05,0.01068834301883237,False,0.007558578987150416,0.12622895279187898,0.14577581613587406,2.605861186981201
LiNbO3,dielectric,2.3001610981861402,0.0,5.293645272460859,0.15541478410470694,0.3501099285387352,0.2650541013325212,0.8699111735544475,1.0,2.796722782248813e-06,0.02337871050725482,True,0.007709750566893424,0.1601964147420864,0.3501099285387352,0.1406555093241216,0.1703620761456692,0.15274492066504072,0.8894998911231298,1.0,2.5409037935585476e-05,0.024641074414391673,True,0.0049130763416477706,0.14595461464706086,0.1703620761456692,2.7685418128967285
GaN,dielectric,2.4017334953124356,0.0,5.771674267252551,0.18325080196870083,0.3839213201080371,0.29843032821013615,0.8608231939375672,1.0,2.4547468027414995e-05,0.02681889858236952,True,0.0058956916099773245,0.1889001025218505,0.3839213201080371,0.1519951302216857,0.18471403328202704,0.16630149634624447,0.8941729223762287,1.0,1.6692945111600867e-05,0.00919093932177284,True,0.003779289493575208,0.16011654449122137,0.18471403328202704,2.6574079990386963
AlN,dielectric,2.1535378860607834,0.0,4.63804138883858,0.12813848208871081,0.2801181592647681,0.21518908578533003,0.8933078787051062,1.0,-1.4695544009940969e-05,0.017742893023378947,True,0.004081632653061225,0.1320131500864035,0.2801181592647681,0.11666380637479816,0.1392681297134978,0.13169602493591487,0.8814659273837699,1.0,1.2195623504563312e-05,0.014349269326460079,True,0.0030234315948601664,0.1307342697240098,0.1392681297134978,2.6947507858276367
ZnS,dielectric,2.369978809832348,0.0,5.621481327441871,0.17084605879868156,0.3798020994598542,0.2876111069653083,0.862007739693559,1.0,3.336418359924896e-05,0.024700312803659696,True,0.004988662131519274,0.17611637629404986,0.3798020994598542,0.14867632084990423,0.1835872190789045,0.1620906720800672,0.892705756262248,1.0,2.2766432007884288e-05,0.012427944708732541,True,0.0049130763416477706,0.15386348371512967,0.1835872190789045,2.744088888168335
SiO2_IR,phonon polariton,1.0878,0.00014657,1.1833088185172354,0.01937520289714448,0.03147602988594166,0.027482181424457637,0.9132476330158672,1.0,0.00011875569669432727,0.0020418605774690235,False,0.0,0.022111233988764235,0.03147602988594166,0.0015972968682815185,0.0017570494268017798,0.0017333551417186032,0.9288508918593602,1.0,0.00018811359694070924,0.0005321957642495656,False,0.0,0.0017567169436945996,0.0017570494268017798,3.0555601119995117
sapphire_IR,phonon polariton,1.7515999999999998,0.020203560907692736,3.0676969331753865,0.05949899026648396,0.12151902116151292,0.08962752685175632,0.9118880463684663,1.0,0.020217652523571227,0.03095152189751127,False,0.0,0.060907674464266176,0.12151902116151292,0.06458845126997276,0.07493964815475401,0.07336284396944373,0.9104720645843628,1.0,0.023744704844438403,0.03792273357283549,False,0.0,0.07435968815664104,0.07493964815475401,2.5995490550994873
SiC_film,phonon polariton,3.385313651935796,0.30707692094041417,11.343304396691824,0.19400199058599846,0.558462182703627,0.4625094811075862,0.8552621292392096,1.011620045068142,0.18245885287603844,0.5100396433140484,False,0.0,0.24440604995722573,0.5469303629460386,0.23885720444017008,0.31872741960554696,0.2947136759852251,0.8659037106792382,1.0,0.22331650294878425,0.5171093318900655,False,0.0,0.28304258847035274,0.31872741960554696,2.501950979232788
SiC,phonon polariton,2.559382389453827,6.791356951943561e-07,6.550439200213122,0.24921929996965247,0.40389571739898306,0.35214345089719723,0.8557997379058676,1.002514822827057,-0.00024631738308676003,0.01989639377792407,False,0.009070294784580499,0.25753488853089535,0.40371003464355765,0.1564609248261208,0.19199658643837936,0.18864006870198347,0.8870832385385994,1.0,4.479398284929138e-06,0.0016360397803265592,False,0.0003779289493575208,0.19162056269102928,0.19199658643837936,2.6828982830047607
