hi,lo,P,L,nH,nL,contrast,Rflat_peak,R_theory,width,width_inf_theory,R15_min_in_band_ratio,lossless,time
TiO2,SiO2,1,4,2.6049416063044464,1.4580377016844404,0.2822815027300019,0.4322406323642106,0.4323485078235054,0.9058134523469821,0.364364871700364,0.9653969296847649,True,12.725287675857544
TiO2,SiO2,2,6,2.6049416063044464,1.4580377016844404,0.2822815027300019,0.7715376055654556,0.771607857589899,0.5729327381943784,0.364364871700364,0.9198787414342878,True,21.9767484664917
TiO2,SiO2,3,8,2.6049416063044464,1.4580377016844404,0.2822815027300019,0.9220442211368314,0.922077435723542,0.48018475620222245,0.364364871700364,0.9495146170020722,True,26.998306274414062
TiO2,MgF2,1,4,2.6049416063044464,1.3775198794254102,0.30820680407762674,0.4740437793721642,0.4741497093312817,0.8713293001557145,0.3989154969172482,0.9663294092126173,True,7.561731576919556
TiO2,MgF2,2,6,2.6049416063044464,1.3775198794254102,0.30820680407762674,0.8133892159366363,0.8134489685420798,0.5955402957745686,0.3989154969172482,0.9198410897998763,True,16.531858682632446
TiO2,MgF2,3,8,2.6049416063044464,1.3775198794254102,0.30820680407762674,0.9439176382690372,0.9439418714037817,0.5111007501996079,0.3989154969172482,0.9312985791501357,True,26.817851543426514
TiO2,sapphire,1,4,2.6049416063044464,1.7675033280755137,0.19152631783747934,0.28524629938083207,0.2853491264563582,0.9439439473428833,0.24537492833400196,0.9079228587931268,True,7.317819595336914
TiO2,sapphire,2,6,2.6049416063044464,1.7675033280755137,0.19152631783747934,0.5694932837683185,0.5695940308238358,0.5729327381943784,0.24537492833400196,0.6128097258378817,True,16.620790481567383
TiO2,sapphire,3,8,2.6049416063044464,1.7675033280755137,0.19152631783747934,0.7726836960110653,0.7727646444460226,0.4195116440431492,0.24537492833400196,0.8694405487396626,True,27.02025532722473
Si3N4,SiO2,1,4,2.0439224320457794,1.4580377016844404,0.16730194176632904,0.24735123002598394,0.24745815086111575,0.8999271714026404,0.21402189198894903,0.9569675274503708,True,8.105345964431763
Si3N4,SiO2,2,6,2.0439224320457794,1.4580377016844404,0.16730194176632904,0.5015206773003105,0.5016389604965006,0.4730351956207248,0.21402189198894903,0.9822190538801184,True,16.822802782058716
Si3N4,SiO2,3,8,2.0439224320457794,1.4580377016844404,0.16730194176632904,0.70564187545929,0.705747876839475,0.3731376530470716,0.21402189198894903,0.9754634485882255,True,27.351438283920288
Si3N4,MgF2,1,4,2.0439224320457794,1.3775198794254102,0.19477240647492375,0.2903918895243127,0.2905025342502451,0.8051738051030302,0.24958730049733072,0.9719106946281536,True,7.6099534034729
Si3N4,MgF2,2,6,2.0439224320457794,1.3775198794254102,0.19477240647492375,0.5781904170649138,0.5783006497325962,0.48849319261941754,0.24958730049733072,0.9770110251740315,True,16.501314163208008
Si3N4,MgF2,3,8,2.0439224320457794,1.3775198794254102,0.19477240647492375,0.7806405745014239,0.7807253889042717,0.3957452106272616,0.24958730049733072,0.9750985738492799,True,27.33228611946106
Si3N4,sapphire,1,4,2.0439224320457794,1.7675033280755137,0.07252380640925014,0.11512759618624617,0.11520637481388908,0.9439439473428833,0.09242131742529285,0.9306115360988992,True,7.503927946090698
Si3N4,sapphire,2,6,2.0439224320457794,1.7675033280755137,0.07252380640925014,0.2125417073004142,0.2126370988881494,0.6546311009744936,0.09242131742529285,0.9512275247214367,True,17.359894514083862
Si3N4,sapphire,3,8,2.0439224320457794,1.7675033280755137,0.07252380640925014,0.3221046817026194,0.32222211848235854,0.38028721362856904,0.09242131742529285,0.9625121595416097,True,27.16242814064026
HfO2,SiO2,1,4,1.8969197530864197,1.4580377016844404,0.13081598122142343,0.19282102377334703,0.1929218759671415,0.8536704573226893,0.16703882848342272,0.9606025628849573,True,7.001851558685303
HfO2,SiO2,2,6,1.8969197530864197,1.4580377016844404,0.13081598122142343,0.39144875402938584,0.39157403753898895,0.44211920162333956,0.16703882848342272,0.982846607215588,True,17.010873556137085
HfO2,SiO2,3,8,1.8969197530864197,1.4580377016844404,0.13081598122142343,0.578324995988541,0.5784594540965383,0.32924508248006906,0.16703882848342272,0.9834339233981321,True,27.275116443634033
HfO2,MgF2,1,4,1.8969197530864197,1.3775198794254102,0.1586225223100469,0.2340651862285629,0.23417204841439435,0.758917091023079,0.2028211452270803,0.9728576570764583,True,7.083901643753052
HfO2,MgF2,2,6,1.8969197530864197,1.3775198794254102,0.1586225223100469,0.4760296991361352,0.4761524195488565,0.44211920162333956,0.2028211452270803,0.9793291859406921,True,16.830145597457886
HfO2,MgF2,3,8,1.8969197530864197,1.3775198794254102,0.1586225223100469,0.6782381893532571,0.6783530449866025,0.3545459133164365,0.2028211452270803,0.984072224520977,True,25.685081720352173
HfO2,sapphire,1,4,1.8969197530864197,1.7675033280755137,0.035316998650131305,0.07380610923086868,0.0738711506493441,0.9439439473428833,0.04497635235105979,0.9352279984209104,True,7.649914264678955
HfO2,sapphire,2,6,1.8969197530864197,1.7675033280755137,0.035316998650131305,0.11275774878699625,0.11282747780009118,0.7552707482184455,0.04497635235105979,0.9646877064682676,True,16.37770700454712
HfO2,sapphire,3,8,1.8969197530864197,1.7675033280755137,0.035316998650131305,0.15756045564248763,0.15763739388092382,0.44926876220483736,0.04497635235105979,0.9605447452891953,True,26.556812524795532
Ta2O5,SiO2,1,4,2.143086,1.4580377016844404,0.19023181514012566,0.28318895744463973,0.28329841539725925,0.9058134523469821,0.243695843789434,0.9607571242687711,False,7.302993059158325
Ta2O5,SiO2,2,6,2.143086,1.4580377016844404,0.19023181514012566,0.5659820431494538,0.5660940555576202,0.5039511896181103,0.243695843789434,0.9786628193779128,False,16.770577907562256
Ta2O5,SiO2,3,8,2.143086,1.4580377016844404,0.19023181514012566,0.7694343048932792,0.7695247888795264,0.3957452106272616,0.243695843789434,0.9712156360866447,False,26.753119945526123
Ta2O5,MgF2,1,4,2.143086,1.3775198794254102,0.21745294611038254,0.3267692468799096,0.3268812294749542,0.8264789907406889,0.2790994704739268,0.9730951369232907,False,7.3792808055877686
Ta2O5,MgF2,2,6,2.143086,1.3775198794254102,0.21745294611038254,0.6361089213047216,0.6362111944640354,0.5111007501996079,0.2790994704739268,0.9747162405647328,False,16.5478458404541
Ta2O5,MgF2,3,8,2.143086,1.3775198794254102,0.21745294611038254,0.830050703607943,0.8301218667326722,0.42666120462464685,0.2790994704739268,0.9632236764204997,False,27.346601963043213
Ta2O5,sapphire,1,4,2.143086,1.7675033280755137,0.09604247350342937,0.14480484132743449,0.1448906119869237,0.9439439473428833,0.12247385601426765,0.9259540875457718,False,7.76932954788208
Ta2O5,sapphire,2,6,2.143086,1.7675033280755137,0.09604247350342937,0.2833476836933787,0.28345278901962795,0.6128004200627734,0.12247385601426765,0.9059664683552225,False,16.51015019416809
Ta2O5,sapphire,3,8,2.143086,1.7675033280755137,0.09604247350342937,0.43051757338079094,0.43064395067854777,0.3731376530470716,0.12247385601426765,0.9645222381905024,False,26.821495532989502
ZnO,SiO2,1,4,1.9989135591901377,1.4580377016844404,0.1564603654171452,0.23078449475021104,0.23088987686157245,0.849190581043273,0.20003338852069308,0.9603602085678152,True,7.4938788414001465
ZnO,SiO2,2,6,1.9989135591901377,1.4580377016844404,0.1564603654171452,0.46960122480201144,0.46972330361820264,0.45042763804053465,0.20003338852069308,0.9818923903737249,True,16.686197757720947
ZnO,SiO2,3,8,1.9989135591901377,1.4580377016844404,0.1564603654171452,0.6711286017275232,0.6712456961544083,0.3545459133164365,0.20003338852069308,0.9752932735083656,True,26.922597646713257
ZnO,MgF2,1,4,1.9989135591901377,1.3775198794254102,0.18403848056294572,0.2734142477115513,0.2735241066366838,0.7662097766323461,0.23566841976232628,0.9741382611207448,True,7.2865891456604
ZnO,MgF2,2,6,1.9989135591901377,1.3775198794254102,0.18403848056294572,0.5490187590469867,0.5491342395628693,0.46588563503922736,0.23566841976232628,0.9758760213152505,True,16.168245315551758
ZnO,MgF2,3,8,1.9989135591901377,1.3775198794254102,0.18403848056294572,0.7534062427208557,0.7535016312043707,0.3731376530470716,0.23566841976232628,0.9755584519877173,True,26.8936128616333
ZnO,sapphire,1,4,1.9989135591901377,1.7675033280755137,0.06144041884928556,0.10205198296452755,0.1021264519000926,0.9439439473428833,0.0782776724256781,0.9290608030920383,True,7.491907358169556
ZnO,sapphire,2,6,1.9989135591901377,1.7675033280755137,0.06144041884928556,0.18083505621255982,0.18092313507749622,0.6509847581698601,0.0782776724256781,0.968356860899055,True,16.72231364250183
ZnO,sapphire,3,8,1.9989135591901377,1.7675033280755137,0.06144041884928556,0.27097642325589527,0.27108495217800416,0.38028721362856904,0.0782776724256781,0.9611626323708903,True,26.164711713790894
GaN,SiO2,1,4,2.394754280574911,1.4580377016844404,0.24312669440854737,0.3684665760342781,0.36857675570263776,0.9153460760959575,0.3126923150322675,0.965867987765281,True,7.589559555053711
GaN,SiO2,2,6,2.394754280574911,1.4580377016844404,0.24312669440854737,0.6951536602060223,0.6952408837280412,0.5574747411956856,0.3126923150322675,0.9604087202386141,True,16.20318055152893
GaN,SiO2,3,8,2.394754280574911,1.4580377016844404,0.24312669440854737,0.8741655393428327,0.8742166773575585,0.45757719862203244,0.3126923150322675,0.9649231181190963,True,26.209916591644287
GaN,MgF2,1,4,2.394754280574911,1.3775198794254102,0.2696607823301513,0.4117236946969948,0.41183349672473546,0.8808619239046898,0.3476462761572618,0.9734543211675971,True,7.5093324184417725
GaN,MgF2,2,6,2.394754280574911,1.3775198794254102,0.2696607823301513,0.7486956880070077,0.7487715678981173,0.5729327381943784,0.3476462761572618,0.9599023850485611,True,16.792128562927246
GaN,MgF2,3,8,2.394754280574911,1.3775198794254102,0.2696607823301513,0.9088049412037523,0.9088429581081967,0.48018475620222245,0.3476462761572618,0.9502699227307634,True,25.59086561203003
GaN,sapphire,1,4,2.394754280574911,1.7675033280755137,0.15069969508753642,0.2221042525988715,0.22220233856515167,0.9439439473428833,0.19261060174772718,0.9178630086230978,True,7.177575588226318
GaN,sapphire,2,6,2.394754280574911,1.7675033280755137,0.15069969508753642,0.4523435331730448,0.45245276076757834,0.5883907351930708,0.19261060174772718,0.8385654435537168,True,16.356976985931396
GaN,sapphire,3,8,2.394754280574911,1.7675033280755137,0.15069969508753642,0.6516522153362057,0.6517588138992145,0.3957452106272616,0.19261060174772718,0.5872090434166639,True,27.279608488082886
AlN,SiO2,1,4,2.15290284608555,1.4580377016844404,0.19243328302102283,0.28667818113332216,0.2867874306698673,0.9153460760959575,0.24655159972622664,0.9553701918705847,True,7.350248098373413
AlN,SiO2,2,6,2.15290284608555,1.4580377016844404,0.19243328302102283,0.5719277622252562,0.572036789189091,0.5111007501996079,0.24655159972622664,0.9793669074095724,True,16.508187294006348
AlN,SiO2,3,8,2.15290284608555,1.4580377016844404,0.19243328302102283,0.7749274830996218,0.7750123502521188,0.4028947712087594,0.24655159972622664,0.9727260887035758,True,26.141776084899902
AlN,MgF2,1,4,2.15290284608555,1.3775198794254102,0.2196289302856553,0.3302876695148333,0.3303991313853744,0.8536704573226893,0.2819386494917483,0.9705966055722351,True,7.1406025886535645
AlN,MgF2,2,6,2.15290284608555,1.3775198794254102,0.2196289302856553,0.6413892714363939,0.6414881140730065,0.5265587471983006,0.2819386494917483,0.9757085437227031,True,16.309253931045532
AlN,MgF2,3,8,2.15290284608555,1.3775198794254102,0.2196289302856553,0.8342529977142475,0.8343187670691552,0.4338107652061445,0.2819386494917483,0.9663469634903464,True,26.66525912284851
AlN,sapphire,1,4,2.15290284608555,1.7675033280755137,0.09830601751169543,0.14778909493468273,0.1478758115634598,0.9439439473428833,0.12536959481500207,0.9289268265579579,True,7.239170074462891
AlN,sapphire,2,6,2.15290284608555,1.7675033280755137,0.09830601751169543,0.2903296536549915,0.29043534791002,0.619949980644271,0.12536959481500207,0.9435113549333379,True,16.632578134536743
AlN,sapphire,3,8,2.15290284608555,1.7675033280755137,0.09830601751169543,0.4407325118862985,0.440857326064389,0.38028721362856904,0.12536959481500207,0.8503977480430122,True,26.580195665359497
diamond,SiO2,1,4,2.4147617443951965,1.4580377016844404,0.2470368156242199,0.3748404293736305,0.37495065372187225,0.9439439473428833,0.31782744919882133,0.9247583910486433,True,7.229732513427734
diamond,SiO2,2,6,2.4147617443951965,1.4580377016844404,0.2470368156242199,0.7035210712034842,0.7036062366642538,0.5800822987758759,0.31782744919882133,0.9636504316057597,True,16.93867540359497
diamond,SiO2,3,8,2.4147617443951965,1.4580377016844404,0.2470368156242199,0.8799134599995211,0.8799619654058207,0.48018475620222245,0.31782744919882133,0.9674797826749303,True,26.126713275909424
diamond,MgF2,1,4,2.4147617443951965,1.3775198794254102,0.27351393378975825,0.41799486118853285,0.4181044785680213,0.9058134523469821,0.3527438640250127,0.96880884992823,True,7.37214207649231
diamond,MgF2,2,6,2.4147617443951965,1.3775198794254102,0.27351393378975825,0.7558461532566381,0.7559200067228192,0.5955402957745686,0.3527438640250127,0.9636192909138244,True,15.997666835784912
diamond,MgF2,3,8,2.4147617443951965,1.3775198794254102,0.27351393378975825,0.9130484318132309,0.9130844019274703,0.502792313782413,0.3527438640250127,0.9553049382501556,True,26.352623462677002
diamond,sapphire,1,4,2.4147617443951965,1.7675033280755137,0.15476264777672477,0.2282216299594425,0.22832081691432748,0.9439439473428833,0.19784513036714055,0.924713764000539,True,7.686497449874878
diamond,sapphire,2,6,2.4147617443951965,1.7675033280755137,0.15476264777672477,0.46454538706632104,0.4646543543700762,0.6109982927732613,0.19784513036714055,0.9298621661646586,True,16.755168914794922
diamond,sapphire,3,8,2.4147617443951965,1.7675033280755137,0.15476264777672477,0.6654823826315452,0.6655858979992475,0.4112032076259543,0.19784513036714055,0.9353398991639882,True,27.4515962600708
ZnS,SiO2,1,4,2.3624872454878387,1.4580377016844404,0.23673436407549625,0.35805466900852734,0.35816510177175304,0.9058134523469821,0.3043084373080425,0.9709713738029807,True,7.882197380065918
ZnS,SiO2,2,6,2.3624872454878387,1.4580377016844404,0.23673436407549625,0.6811174891520857,0.6812080550939734,0.542016744196993,0.3043084373080425,0.9633535779940677,True,17.11269974708557
ZnS,SiO2,3,8,2.3624872454878387,1.4580377016844404,0.23673436407549625,0.8642442325884012,0.8642995373073008,0.44211920162333956,0.3043084373080425,0.9653776864854825,True,26.81763768196106
ZnS,MgF2,1,4,2.3624872454878387,1.3775198794254102,0.2633597565901095,0.40145785166062153,0.4015682309834387,0.859556738267031,0.33932248938548226,0.9741127303443456,True,7.415770053863525
ZnS,MgF2,2,6,2.3624872454878387,1.3775198794254102,0.2633597565901095,0.7366642878872807,0.7367434481973271,0.5574747411956856,0.33932248938548226,0.9621228430170463,True,16.70870566368103
ZnS,MgF2,3,8,2.3624872454878387,1.3775198794254102,0.2633597565901095,0.9014618986734798,0.9015031826655895,0.4730351956207248,0.33932248938548226,0.948636574294133,True,26.28895592689514
ZnS,sapphire,1,4,2.3624872454878387,1.7675033280755137,0.14406423133769367,0.2122073533952722,0.21230424835341652,0.9439439473428833,0.1840687702274278,0.9172333108667922,True,7.602954864501953
ZnS,sapphire,2,6,2.3624872454878387,1.7675033280755137,0.14406423133769367,0.4322199144564426,0.4323299890702682,0.5800822987758759,0.1840687702274278,0.9555010964221942,True,16.68637442588806
ZnS,sapphire,3,8,2.3624872454878387,1.7675033280755137,0.14406423133769367,0.6282150506363107,0.6283263014431043,0.38859565004576396,0.1840687702274278,0.9607253666464457,True,26.497565746307373
LiNbO3,SiO2,1,4,2.2961173929073597,1.4580377016844404,0.22324056148619137,0.33613574249220773,0.336246259845702,0.9153460760959575,0.28665418649698693,0.961914059560362,True,7.364395618438721
LiNbO3,SiO2,2,6,2.2961173929073597,1.4580377016844404,0.22324056148619137,0.6500391541830517,0.6501357532141226,0.5348671836154955,0.28665418649698693,0.9688989050095569,True,15.834154605865479
LiNbO3,SiO2,3,8,2.2961173929073597,1.4580377016844404,0.22324056148619137,0.8410240350348713,0.8410876533842491,0.42666120462464685,0.28665418649698693,0.9677041490443412,True,26.43762993812561
LiNbO3,MgF2,1,4,2.2961173929073597,1.3775198794254102,0.25005122862841533,0.3797549744345353,0.3798660906681723,0.8536704573226893,0.3217898589298406,0.9746835943156105,True,7.37432074546814
LiNbO3,MgF2,2,6,2.2961173929073597,1.3775198794254102,0.25005122862841533,0.7098569370680539,0.7099422165488207,0.542016744196993,0.3217898589298406,0.9686602418000178,True,16.4960675239563
LiNbO3,MgF2,3,8,2.2961173929073597,1.3775198794254102,0.25005122862841533,0.8841829371264116,0.8842308798914619,0.45757719862203244,0.3217898589298406,0.9528576789431537,True,26.46177911758423
LiNbO3,sapphire,1,4,2.2961173929073597,1.7675033280755137,0.13008449880725811,0.19177318829957932,0.1918674566232637,0.9439439473428833,0.16609944899380713,0.9208640036247958,True,7.736896753311157
LiNbO3,sapphire,2,6,2.2961173929073597,1.7675033280755137,0.13008449880725811,0.3891961154194798,0.38930657038343114,0.5883907351930708,0.16609944899380713,0.934933866382657,True,16.71007227897644
LiNbO3,sapphire,3,8,2.2961173929073597,1.7675033280755137,0.13008449880725811,0.5754720900926567,0.5755903258456699,0.38028721362856904,0.16609944899380713,0.9265910561312533,True,26.02540421485901
