label,book,page,data,cls,A_peak,lam,film_share,A_mean,A_peak_eps02,time
GaAs-InAs-GaP-InP (Adachi),GaAs-InAs-GaP-InP,Adachi,other/semiconductor alloys/GaAs-InAs-GaP-InP/nk/Adachi.yml,absorber (visible),0.9958202366001431,0.4425374796335076,0.9750096768136619,0.4005728760025666,0.9957831086397354,1.6261441707611084
InP (Adachi),InP,Adachi,main/InP/nk/Adachi.yml,absorber (visible),0.997496715992239,0.4272254123794605,0.9720886036282698,0.37768396721352576,0.9983963917635176,1.7432966232299805
InP (Aspnes),InP,Aspnes,main/InP/nk/Aspnes.yml,absorber (visible),0.9972776316472972,0.43702352280940904,0.9698697745527807,0.41926320430310715,0.9985018162032883,1.6744751930236816
MoS2 (Munkhbat-o),MoS2,Munkhbat-o,main/MoS2/nk/Munkhbat-o.yml,ENZ,0.9980431947596442,0.5341109484258366,0.9656277096817696,0.6006552950673132,0.9975827684052562,1.802225112915039
Si (Karaman-220C),Si,Karaman-220C,main/Si/nk/Karaman-220C.yml,ENZ,0.9995777178286958,0.5163478435922378,0.9641403933034522,0.5521909922628814,0.999472850789049,1.7660496234893799
WS2 (Vyshnevyy-o),WS2,Vyshnevyy-o,main/WS2/nk/Vyshnevyy-o.yml,absorber (visible),0.998727214805255,0.5280556582872642,0.9633800544890472,0.548233767384487,0.9997550995040195,1.608900547027588
WS2 (Munkhbat-o),WS2,Munkhbat-o,main/WS2/nk/Munkhbat-o.yml,absorber (visible),0.999313698609076,0.5280556582872642,0.9627359574550124,0.535553102420808,0.9982365344119724,1.7061090469360352
Si (Karaman-120C),Si,Karaman-120C,main/Si/nk/Karaman-120C.yml,ENZ,0.9977385398817123,0.5106864870067206,0.9639222053995957,0.5383995416243685,0.9990921145902562,1.6764042377471924
Si (Karaman-170C),Si,Karaman-170C,main/Si/nk/Karaman-170C.yml,ENZ,0.9984443191541826,0.5163478435922378,0.9627135472168131,0.5442279334663747,0.9993567353010215,1.686034917831421
CdTe (Adachi),CdTe,Adachi,main/CdTe/nk/Adachi.yml,absorber (visible),0.9992592442402108,0.4003010457486531,0.9613317642397677,0.3008583216130728,0.9993087501089164,1.6886804103851318
Si-Ge (Jellison-11),Si-Ge,Jellison-11,other/semiconductor alloys/Si-Ge/nk/Jellison-11.yml,absorber (visible),0.9989008257921115,0.5708285695086132,0.9613278980308837,0.6035685245367878,0.9989677653033664,1.5861659049987793
Si (Karaman-70C),Si,Karaman-70C,main/Si/nk/Karaman-70C.yml,ENZ,0.9969813250633325,0.5106864870067206,0.9627708210843408,0.5318668051689214,0.9983399728248398,1.6794328689575195
SnSe2 (Ermolaev),SnSe2,Ermolaev,main/SnSe2/nk/Ermolaev.yml,absorber (visible),0.9905782929818466,0.4003010457486531,0.9689615129570619,0.4286420825966473,0.9903433873012375,2.7190487384796143
WS2 (Jung),WS2,Jung,main/WS2/nk/Jung.yml,absorber (visible),0.9871950092693302,0.4892303504081867,0.9720569274257972,0.554576038503139,0.9871180816710905,1.6244747638702393
Si (Karaman-20C),Si,Karaman-20C,main/Si/nk/Karaman-20C.yml,ENZ,0.9961402554308172,0.5106864870067206,0.9620765440078068,0.5272583835827173,0.9975992318215597,1.596027135848999
ReS2 (Munkhbat-β),ReS2,Munkhbat-β,main/ReS2/nk/Munkhbat-beta.yml,absorber (visible),0.9877613885933504,0.4723026812887824,0.9700285626031461,0.579535229950883,0.9868616395451276,1.6453843116760254
MoS2 (Ermolaev-o),MoS2,Ermolaev-o,main/MoS2/nk/Ermolaev-o.yml,ENZ,0.9851817134652489,0.5408498641939538,0.9692732766760324,0.6264990870840575,0.9850835797728624,1.563946008682251
MoS2 (Beal),MoS2,Beal,main/MoS2/nk/Beal.yml,absorber (visible),0.9830368724071835,0.5341109484258366,0.9711024520491026,0.6407980862614856,0.9835757171790563,1.620812177658081
WS2 (Ermolaev),WS2,Ermolaev,main/WS2/nk/Ermolaev.yml,ENZ,0.9805015169728744,0.46194581070917623,0.9724804212533138,0.40465874451475564,0.9788763360072312,1.6709976196289062
MoS2 (Ullberg),MoS2,Ullberg,main/MoS2/nk/Ullberg.yml,ENZ,0.9764678677839898,0.5163478435922378,0.9730265537082389,0.560377929270151,0.9765941688003007,1.685253381729126
MoS2 (Jung),MoS2,Jung,main/MoS2/nk/Jung.yml,ENZ,0.9738831639108589,0.5163478435922378,0.9748048922110963,0.6022203624053027,0.9741804197602725,1.6825332641601562
Ge (Jellison),Ge,Jellison,main/Ge/nk/Jellison.yml,absorber (visible),0.978002542002329,0.6042627589485792,0.9696446200576435,0.6573481653103925,0.975399828898756,1.6693322658538818
Si (Pierce),Si,Pierce,main/Si/nk/Pierce.yml,ENZ,0.9717964325694426,0.4887390476762557,0.9725162542254222,0.5500049013732637,0.9715349236163031,1.6204586029052734
AlSb (Adachi),AlSb,Adachi,main/AlSb/nk/Adachi.yml,ENZ,0.9854969503075953,0.4887390476762557,0.9574827720336178,0.434651530577941,0.9885149907183586,1.6997458934783936
Ge (Nunley),Ge,Nunley,main/Ge/nk/Nunley.yml,absorber (visible),0.9713506970806682,0.6042627589485792,0.9708775788011649,0.6592400350013973,0.9690621092468545,1.7486605644226074
MoS2 (Song-bulk),MoS2,Song-bulk,main/MoS2/nk/Song-bulk.yml,absorber (visible),0.9654854163425586,0.5341109484258366,0.9735898618271188,0.6252183127944576,0.9657278957240142,1.6945459842681885
Si-Ge (Jellison-20),Si-Ge,Jellison-20,other/semiconductor alloys/Si-Ge/nk/Jellison-20.yml,absorber (visible),0.9863542238429371,0.5524553779039192,0.9509661864609283,0.5618212098205329,0.9901114229477204,1.620037317276001
TaS2 (Munkhbat-o),TaS2,Munkhbat-o,main/TaS2/nk/Munkhbat-o.yml,metal,0.9549163121256334,0.41785701689997873,0.9726916947191676,0.3614819582937138,0.9558395595429503,1.6370420455932617
AlSb-GaSb (Ferrini-50),AlSb-GaSb,Ferrini-50,other/semiconductor alloys/AlSb-GaSb/nk/Ferrini-50.yml,ENZ,0.9602319285922584,0.5584469330160432,0.9661436182344475,0.5613815317874712,0.9572970084224729,1.7193858623504639
GaAs-InAs (Adachi),GaAs-InAs,Adachi,other/semiconductor alloys/GaAs-InAs/nk/Adachi.yml,absorber (visible),0.9529318701925588,0.49972821666438916,0.972964525236458,0.5229940087794345,0.9524793220960692,1.6542954444885254
MoS2 (Zotev-o),MoS2,Zotev-o,main/MoS2/nk/Zotev-o.yml,ENZ,0.9479157830425033,0.5280556582872642,0.9762553091467157,0.5980307620344065,0.9490698392954442,1.635706901550293
Ge (Aspnes),Ge,Aspnes,main/Ge/nk/Aspnes.yml,absorber (visible),0.9537937969495359,0.6107458702495782,0.9682859782380009,0.6625580886202556,0.9506027948688827,1.6691737174987793
SiC (Larruquert),SiC,Larruquert,main/SiC/nk/Larruquert.yml,absorber (visible),0.9715817709085101,0.4003010457486531,0.9491204502347727,0.3480922520995978,0.9716788757114346,1.704479694366455
WSe2 (Munkhbat-o),WSe2,Munkhbat-o,main/WSe2/nk/Munkhbat-o.yml,absorber (visible),0.9423361360374902,0.5051479288637497,0.9776608151293725,0.6564254389711679,0.9443593483594935,2.6044318675994873
AlSb (Djurisic),AlSb,Djurisic,main/AlSb/nk/Djurisic.yml,ENZ,0.9623054025451389,0.4776572425028115,0.9533305694064546,0.3955915513549611,0.9686123247611965,1.6792945861816406
MoS2 (Yim-20nm),MoS2,Yim-20nm,main/MoS2/nk/Yim-20nm.yml,ENZ,0.936346702781506,0.5106864870067206,0.9770766095407449,0.5855826228489098,0.9380771671572853,1.6726231575012207
GaAs (Ozaki),GaAs,Ozaki,main/GaAs/nk/Ozaki.yml,absorber (visible),0.9568632608631636,0.4670668390194008,0.9519334225336117,0.43244130119697693,0.9625900869926112,1.6303203105926514
CdTe (Treharne),CdTe,Treharne,main/CdTe/nk/Treharne.yml,absorber (visible),0.9542507558927846,0.4003010457486531,0.9491111916292012,0.2654155866789182,0.9529369275494172,1.637601613998413
WSe2 (Ermolaev),WSe2,Ermolaev,main/WSe2/nk/Ermolaev.yml,ENZ,0.9224351788990717,0.45693586077587994,0.9800782748669974,0.5091023495758359,0.9273579791170093,1.6414122581481934
AlSb (Zollner),AlSb,Zollner,main/AlSb/nk/Zollner.yml,ENZ,0.9489408860815078,0.48313460676309844,0.9474786750965942,0.37342189749587823,0.9920403367335534,1.6353223323822021
InSb (Adachi),InSb,Adachi,main/InSb/nk/Adachi.yml,ENZ,0.9118980393569714,0.4224892866674775,0.9819616162961318,0.6977635446380114,0.9213420225812572,1.5200626850128174
WSe2 (Ushkov-o),WSe2,Ushkov-o,main/WSe2/nk/Ushkov-o.yml,absorber (visible),0.9129247950403474,0.5106864870067206,0.9789196387856248,0.6463563175414415,0.9168644440059911,1.8799104690551758
InAs (Aspnes),InAs,Aspnes,main/InAs/nk/Aspnes.yml,absorber (visible),0.9144699774722724,0.5163478435922378,0.9738324733507242,0.5369341501565728,0.9170745011047733,1.6703181266784668
TaSe2 (Munkhbat-o),TaSe2,Munkhbat-o,main/TaSe2/nk/Munkhbat-o.yml,metal,0.9149639634173464,0.4003010457486531,0.9727315454667104,0.4281753972562087,0.9190986558115126,2.677595615386963
AlSb-GaSb (Ferrini-30),AlSb-GaSb,Ferrini-30,other/semiconductor alloys/AlSb-GaSb/nk/Ferrini-30.yml,ENZ,0.9125698033394128,0.5708285695086132,0.9750878188691855,0.6027943498114288,0.913685340028316,1.7894108295440674
WSe2 (Jung),WSe2,Jung,main/WSe2/nk/Jung.yml,absorber (visible),0.9054454212769986,0.46194581070917623,0.9817457481552405,0.5838063666968272,0.9128398263796832,1.6269395351409912
MoSe2 (Munkhbat-o),MoSe2,Munkhbat-o,main/MoSe2/nk/Munkhbat-o.yml,absorber (visible),0.9071313638269238,0.5708285695086132,0.9765128346545292,0.6780803845306358,0.9093328578370306,1.7381491661071777
ReS2 (Munkhbat-α),ReS2,Munkhbat-α,main/ReS2/nk/Munkhbat-alpha.yml,absorber (visible),0.9033966841020971,0.49972821666438916,0.9785452706749677,0.6609722204478392,0.9086052725661657,1.6358025074005127
WSe2 (Zotev-o),WSe2,Zotev-o,main/WSe2/nk/Zotev-o.yml,absorber (visible),0.9021268489060248,0.5163478435922378,0.9786778325568672,0.6418552129238272,0.9066413196895352,2.3591489791870117
InAs (Adachi),InAs,Adachi,main/InAs/nk/Adachi.yml,absorber (visible),0.8979837421271206,0.5221361283500688,0.9758041236019874,0.5300837951748097,0.9023860463406257,1.5738484859466553
MoS2 (Islam-o),MoS2,Islam-o,main/MoS2/nk/Islam-o.yml,absorber (visible),0.895022457006662,0.4723026812887824,0.9734360142253788,0.43370438181915416,0.9020069807886917,1.8532896041870117
HfSe2 (Zotev-o),HfSe2,Zotev-o,main/HfSe2/nk/Zotev-o.yml,absorber (visible),0.8821565335500124,0.49442356573394397,0.9793006581223644,0.4449841668844119,0.8900455910880721,1.7900841236114502
B4C (Larruquert),B4C,Larruquert,main/B4C/nk/Larruquert.yml,absorber (visible),0.9086814927818845,0.4003010457486531,0.9502058381235383,0.3545103432250563,0.9074583194404813,1.6776525974273682
MoSe2 (Pruszynska-Karbownik-o),MoSe2,Pruszynska-Karbownik-o,main/MoSe2/nk/Pruszynska-Karbownik-o.yml,absorber (visible),0.8839623592927468,0.5584469330160432,0.9766550530627148,0.6692903635564185,0.8881278234875488,1.6575448513031006
GaSb (Adachi),GaSb,Adachi,main/GaSb/nk/Adachi.yml,ENZ,0.8653779491471012,0.4224892866674775,0.9846833752472535,0.6373435669621595,0.8832231602171265,1.6415722370147705
Ge (Ciesielski-2nm),Ge,Ciesielski-2nm,main/Ge/nk/Ciesielski-2nm.yml,absorber (visible),0.8782602234672692,0.4003010457486531,0.9689433859739788,0.37708725009124455,0.8830024187996919,1.5977413654327393
MoS2 (Yim-3nm),MoS2,Yim-3nm,main/MoS2/nk/Yim-3nm.yml,absorber (visible),0.8619238530105213,0.46194581070917623,0.9753676262107319,0.45764006876489116,0.8748572296030688,1.675541877746582
MoSe2 (Beal),MoSe2,Beal,main/MoSe2/nk/Beal.yml,ENZ,0.8585255176545605,0.5708285695086132,0.9777930416130353,0.6543192638238529,0.864219370332985,1.6433563232421875
WTe2 (Munkhbat-α),WTe2,Munkhbat-α,main/WTe2/nk/Munkhbat-alpha.yml,absorber (visible),0.8486886487027523,0.4003010457486531,0.9793098064689126,0.5116351580622222,0.8642328638505659,1.6332340240478516
C (Song),C,Song,main/C/nk/Song.yml,absorber (visible),0.8562061375535118,0.4003010457486531,0.9704158032359139,0.4028661324176365,0.8633292996045954,1.6857531070709229
InSb (Aspnes),InSb,Aspnes,main/InSb/nk/Aspnes.yml,ENZ,0.8453791255266172,0.4003010457486531,0.9822840333413495,0.6145420176976293,0.8657951278028783,1.6546766757965088
AlSb-GaSb (Ferrini-10),AlSb-GaSb,Ferrini-10,other/semiconductor alloys/AlSb-GaSb/nk/Ferrini-10.yml,ENZ,0.8445191320002873,0.6042627589485792,0.9727440452432723,0.6273790992074744,0.8516262594426891,1.6433446407318115
GaSb (Aspnes),GaSb,Aspnes,main/GaSb/nk/Aspnes.yml,ENZ,0.8321395800428073,0.40889067400246276,0.9841912535611061,0.6430217409670304,0.8594032102866533,1.65362548828125
GaSb (Ferrini),GaSb,Ferrini,other/semiconductor alloys/AlSb-GaSb/nk/Ferrini-0.yml,ENZ,0.8305260258582761,0.41332522402424815,0.9841583608061757,0.6408138332800886,0.8571974947146956,1.6247797012329102
GaSb (Ferrini),GaSb,Ferrini,other/semiconductor alloys/AlSb-GaSb/nk/Ferrini-0.yml,ENZ,0.8305260258582761,0.41332522402424815,0.9841583608061757,0.6408138332800886,0.8571974947146956,1.6247797012329102
InSb (Djurisic),InSb,Djurisic,main/InSb/nk/Djurisic.yml,ENZ,0.8294344704245794,0.4003010457486531,0.9823712749850008,0.6121766096323411,0.8516527014641391,1.669649362564087
MoTe2 (Munkhbat-o),MoTe2,Munkhbat-o,main/MoTe2/nk/Munkhbat-o.yml,ENZ,0.8231352253582773,0.5341109484258366,0.9813365347458248,0.6668398646934834,0.8335771995776888,1.675128698348999
GaSb (Djurisic),GaSb,Djurisic,main/GaSb/nk/Djurisic.yml,ENZ,0.8197049236620834,0.40455027011497474,0.984767356656448,0.6429423727068674,0.850515879987021,1.5539984703063965
PtS2 (Ermolaev),PtS2,Ermolaev,main/PtS2/nk/Ermolaev.yml,absorber (visible),0.8226070880367786,0.4670668390194008,0.9795803196718506,0.506681472191651,0.8433831670683479,1.647937536239624
MoSe2 (Zotev-o),MoSe2,Zotev-o,main/MoSe2/nk/Zotev-o.yml,ENZ,0.8205433653142231,0.5708285695086132,0.9800392013922504,0.6554840226046438,0.8290506516309506,1.6780612468719482
MoS2 (Islam-fewL),MoS2,Islam-fewL,main/MoS2/nk/Islam-fewL.yml,absorber (visible),0.8189826869700859,0.46194581070917623,0.9777848999893357,0.38744978446355655,0.8411997974026107,1.7695324420928955
C (El-Sayed),C,El-Sayed,main/C/nk/El-Sayed.yml,absorber (visible),0.823117191262079,0.4003010457486531,0.9670948597545915,0.41110146551219096,0.8308245927881625,1.7543787956237793
Os (Nemoshkalenko-o),Os,Nemoshkalenko-o,main/Os/nk/Nemoshkalenko-o.yml,metal,0.8043553141674867,0.6042627589485792,0.9828461358809001,0.5344593917895211,0.8114725427349463,1.6534755229949951
WTe2 (Munkhbat-β),WTe2,Munkhbat-β,main/WTe2/nk/Munkhbat-beta.yml,absorber (visible),0.8070173260994764,0.4003010457486531,0.9795127994531686,0.46995430041899827,0.8280917881600613,1.6043117046356201
C (Weber),C,Weber,main/C/nk/Weber.yml,absorber (visible),0.8150060061177609,0.4003010457486531,0.9615651865430771,0.3833049882896203,0.820681855204023,1.8486623764038086
MoTe2 (Beal),MoTe2,Beal,main/MoTe2/nk/Beal.yml,absorber (visible),0.7939305615934995,0.4003010457486531,0.9828076880809732,0.6017535273384547,0.8224581385817534,1.63535737991333
MoS2 (Yim-2nm),MoS2,Yim-2nm,main/MoS2/nk/Yim-2nm.yml,absorber (visible),0.7976432090566119,0.4425374796335076,0.9772057557169048,0.37665933094503184,0.8242284124863611,1.554065227508545
C (Djurisic-o),C,Djurisic-o,main/C/nk/Djurisic-o.yml,absorber (visible),0.7983850418968041,0.4003010457486531,0.963790235152145,0.4043815379540854,0.8061450658624256,1.9150586128234863
W (Weaver),W,Weaver,main/W/nk/Weaver.yml,metal,0.7731311837823561,0.4003010457486531,0.9853271311101119,0.5333317727069389,0.8114980094098445,1.6980254650115967
PbSe (Suzuki),PbSe,Suzuki,main/PbSe/nk/Suzuki.yml,ENZ,0.7728746661706898,0.5772275858872511,0.9847028085167047,0.6056347519140426,0.783020880629714,1.6671926975250244
C (Tikuisis),C,Tikuisis,main/C/nk/Tikuisis.yml,absorber (visible),0.7828391007410703,0.4003010457486531,0.9697126894821233,0.41096113718283755,0.7952265524069466,1.836444616317749
PdSe2 (Ermolaev),PdSe2,Ermolaev,main/PdSe2/nk/Ermolaev.yml,absorber (visible),0.7693197281666666,0.4003010457486531,0.9778991150969726,0.5541622200581209,0.7937427883364494,1.732254981994629
C (Song-cHOPG-o),C,Song-cHOPG-o,main/C/nk/Song-cHOPG-o.yml,absorber (visible),0.7763975679818533,0.4003010457486531,0.9595790166035847,0.342530969691513,0.7837021228737477,1.8321115970611572
VO2 (Oguntoye-50C),VO2,Oguntoye-50C,main/VO2/nk/Oguntoye-50C.yml,absorber (visible),0.7732386029469955,0.4003010457486531,0.9625674602955712,0.2926703935404661,0.7821197133617592,1.5790290832519531
Ta (Werner-DFT),Ta,Werner-DFT,main/Ta/nk/Werner-DFT.yml,metal,0.7543528541381711,0.4003010457486531,0.9846388301136348,0.37609800693485207,0.7996219124955825,1.63740873336792
Ge (Ciesielski-20nm),Ge,Ciesielski-20nm,main/Ge/nk/Ciesielski-20nm.yml,ENZ,0.7540719773694757,0.564569873706368,0.9821615023117464,0.6410866549179265,0.7673344706301753,1.6194589138031006
W (Rakic-LD),W,Rakic-LD,main/W/nk/Rakic-LD.yml,metal,0.7499759931382617,0.4003010457486531,0.9856767344458709,0.529680329340566,0.795448769676772,1.6461048126220703
VO2 (Oguntoye-40C),VO2,Oguntoye-40C,main/VO2/nk/Oguntoye-40C.yml,absorber (visible),0.7676446036185643,0.4003010457486531,0.9627180035774398,0.29418203126373593,0.7769854357261484,1.5348265171051025
NbSe2 (Munkhbat-o),NbSe2,Munkhbat-o,main/NbSe2/nk/Munkhbat-o.yml,metal,0.7630062272067683,0.4003010457486531,0.9666142518939318,0.39417046522305,0.7748735447936375,1.686922550201416
VO2 (Oguntoye-30C),VO2,Oguntoye-30C,main/VO2/nk/Oguntoye-30C.yml,absorber (visible),0.7652528418656547,0.4003010457486531,0.9628729641912201,0.2954339867523312,0.7748382310492282,1.5753593444824219
VO2 (Oguntoye-20C),VO2,Oguntoye-20C,main/VO2/nk/Oguntoye-20C.yml,absorber (visible),0.7637798681680847,0.4003010457486531,0.9629893657320104,0.2964332481620828,0.7735277687456232,1.6068711280822754
TiN (Shkondin),TiN,Shkondin,main/TiN/nk/Shkondin.yml,metal,0.76162370404978,0.4003010457486531,0.9643024441649318,0.28915149062836226,0.7722294464346569,1.688814640045166
W (Rakic-BB),W,Rakic-BB,main/W/nk/Rakic-BB.yml,metal,0.7419476358094852,0.4003010457486531,0.9855235909392617,0.5224883917024974,0.7878271730012518,1.6395759582519531
Ge2Sb2Te5 (Frantz-amorphous),Ge2Sb2Te5,Frantz-amorphous,main/Ge2Sb2Te5/nk/Frantz-amorphous.yml,absorber (visible),0.7452494607771862,0.4003010457486531,0.9807391461112994,0.5627291056985159,0.7811327300546047,1.6632180213928223
VC (Pfluger),VC,Pfluger,main/VC/nk/Pfluger.yml,absorber (visible),0.7425366722101295,0.4003010457486531,0.9800555895027956,0.4625339471391047,0.7727284500547449,1.7314069271087646
NiPS3 (Zotev),NiPS3,Zotev,main/NiPS3/nk/Zotev.yml,absorber (visible),0.7568624201007563,0.4003010457486531,0.9462114467937327,0.34122429681923566,0.760879530165778,1.7126355171203613
Ge (Amotchkina),Ge,Amotchkina,main/Ge/nk/Amotchkina.yml,absorber (visible),0.7238984779148565,0.4003010457486531,0.9844279334007465,0.4759849957238966,0.7721004215544676,1.7680690288543701
TiC (Pfluger),TiC,Pfluger,main/TiC/nk/Pfluger.yml,ENZ,0.7065892422890221,0.4003010457486531,0.9823307257876798,0.4668800861829628,0.7516285314010172,1.6698873043060303
TaS2 (Munkhbat-e),TaS2,Munkhbat-e,main/TaS2/nk/Munkhbat-e.yml,absorber (visible),0.7414916386532979,0.4003010457486531,0.9317442168096007,0.1525462801032106,0.8314602926054986,1.8732855319976807
W (Werner-DFT),W,Werner-DFT,main/W/nk/Werner-DFT.yml,metal,0.6890083207002295,0.41332522402424815,0.9887890771114834,0.5375817029399359,0.76068911952932,1.7080440521240234
Zr-H (Palm),Zr-H,Palm,other/alloys/Zr-H/nk/Palm.yml,absorber (visible),0.7014764964508029,0.4003010457486531,0.9682777786218106,0.38776496308865127,0.7193105427688021,1.654327154159546
VO2 (Oguntoye-55C),VO2,Oguntoye-55C,main/VO2/nk/Oguntoye-55C.yml,absorber (visible),0.7036709363611775,0.4003010457486531,0.9457804735632626,0.19994489275493113,0.7103172781636067,1.6422326564788818
Ge (Amotchkina-film),Ge,Amotchkina-film,main/Ge/nk/Amotchkina-film.yml,absorber (visible),0.6746337463220679,0.4003010457486531,0.9864261831879534,0.535412691056529,0.7464422695479297,1.5522751808166504
V (Werner-DFT),V,Werner-DFT,main/V/nk/Werner-DFT.yml,metal,0.6649863397282556,0.45693586077587994,0.9907940459083064,0.5049270194100555,0.7028424559237714,1.8096387386322021
Zr (Palm),Zr,Palm,main/Zr/nk/Palm.yml,absorber (visible),0.6821785403464783,0.4003010457486531,0.9611438309833491,0.3415920338814165,0.6966877467076193,1.76710844039917
CdSe (Ninomiya-cubic),CdSe,Ninomiya-cubic,main/CdSe/nk/Ninomiya-cubic.yml,absorber (visible),0.6971329229390854,0.4003010457486531,0.9299486805383844,0.21454369564937148,0.7004447097244635,1.72605299949646
Nb (Weaver),Nb,Weaver,main/Nb/nk/Weaver.yml,metal,0.6475415081134904,0.4003010457486531,0.9826109917744442,0.4145992139219078,0.7086831545218004,1.711444616317749
Bi2Se3 (Ermolaev),Bi2Se3,Ermolaev,main/Bi2Se3/nk/Ermolaev.yml,ENZ,0.6380336618350059,0.689992494590433,0.9892333758027071,0.5516737745695304,0.6710206099960054,1.5436604022979736
C (Song-sHOPG-o),C,Song-sHOPG-o,main/C/nk/Song-sHOPG-o.yml,absorber (visible),0.6652509018579498,0.4003010457486531,0.9429278025305556,0.26263735272724054,0.6731238768735803,1.7691106796264648
VN (Pfluger),VN,Pfluger,main/VN/nk/Pfluger.yml,metal,0.6471948278148121,0.4003010457486531,0.9680122395125164,0.35638366928421034,0.6691556015137059,1.67854642868042
VO2 (Oguntoye-70C),VO2,Oguntoye-70C,main/VO2/nk/Oguntoye-70C.yml,metal,0.6530019520582951,0.4003010457486531,0.9576934287210556,0.24893938473388943,0.6676611669451393,1.6772434711456299
VO2 (Oguntoye-80C),VO2,Oguntoye-80C,main/VO2/nk/Oguntoye-80C.yml,metal,0.6504706566455557,0.4003010457486531,0.9576542326858984,0.24898882148365548,0.6652848565282707,1.6837148666381836
Be (Rakic-LD),Be,Rakic-LD,main/Be/nk/Rakic-LD.yml,metal,0.6180528577560451,0.4003010457486531,0.9872131732139146,0.46675552667630016,0.7148303630949189,1.7424306869506836
Be (Rakic-BB),Be,Rakic-BB,main/Be/nk/Rakic-BB.yml,metal,0.615620609875055,0.4003010457486531,0.9873539019018649,0.4653264229478698,0.714753531932339,1.6649136543273926
TiN (Shkondin-700),TiN,Shkondin-700,main/TiN/nk/Shkondin-700.yml,metal,0.6380943628018998,0.4003010457486531,0.9503172257404875,0.21448094872283185,0.6502671048102218,1.618060827255249
Os (Nemoshkalenko-e),Os,Nemoshkalenko-e,main/Os/nk/Nemoshkalenko-e.yml,metal,0.613896584877979,0.540306723287791,0.9869913040023541,0.42490521067359427,0.6705453469762086,1.9703972339630127
V (Johnson),V,Johnson,main/V/nk/Johnson.yml,metal,0.6107932397192501,0.49442356573394397,0.9890798199504799,0.48307906372764065,0.7074473854112933,1.7418994903564453
PtSe2 (Ermolaev),PtSe2,Ermolaev,main/PtSe2/nk/Ermolaev.yml,ENZ,0.6176514187919842,0.4003010457486531,0.9741842968061787,0.45893744838600925,0.6986361250352806,1.6613454818725586
2D_HOIP (Song-DJ3),2D_HOIP,Song-DJ3,other/perovskite/2D HOIP/nk/Song-DJ3.yml,absorber (visible),0.6372657274777904,0.4003010457486531,0.9435894759501011,0.17828170386541525,0.6557523448468574,1.6342790126800537
V-H (Palm),V-H,Palm,other/alloys/V-H/nk/Palm.yml,ENZ,0.6119845730324989,0.4003010457486531,0.9799166200413587,0.44073238189538927,0.695126047834961,1.5854783058166504
V (Palm),V,Palm,main/V/nk/Palm.yml,ENZ,0.6124582300078529,0.4003010457486531,0.9734568396896287,0.3966456291981451,0.680736532839175,1.9835467338562012
Fe (Johnson),Fe,Johnson,main/Fe/nk/Johnson.yml,metal,0.6033809126672294,0.4003010457486531,0.980704065661887,0.41762446712434703,0.6961442820952124,1.6643972396850586
Mo (Werner-DFT),Mo,Werner-DFT,main/Mo/nk/Werner-DFT.yml,metal,0.5932512061171911,0.4003010457486531,0.9904613784979099,0.48339116927158104,0.7086342219248496,1.882979393005371
CdSe (Ninomiya-e),CdSe,Ninomiya-e,main/CdSe/nk/Ninomiya-e.yml,absorber (visible),0.6350217080919555,0.4003010457486531,0.9228121817584412,0.19667215601141627,0.6720135938323397,1.843087911605835
Mo (Querry),Mo,Querry,main/Mo/nk/Querry.yml,metal,0.587239534011153,0.5584469330160432,0.9903336555612877,0.5361109990201665,0.7058856246260423,1.6888437271118164
Ti (Werner-DFT),Ti,Werner-DFT,main/Ti/nk/Werner-DFT.yml,ENZ,0.5862441352774178,0.4003010457486531,0.986584728488776,0.4390013467323634,0.698682875407119,1.8215069770812988
VO2 (Oguntoye-60C),VO2,Oguntoye-60C,main/VO2/nk/Oguntoye-60C.yml,absorber (visible),0.607797300112265,0.4003010457486531,0.9465213230714418,0.20161817331179174,0.6442811327630312,1.5772275924682617
Au (Hagemann),Au,Hagemann,main/Au/nk/Hagemann.yml,metal,0.5913495234663232,0.4003010457486531,0.969155639883457,0.18795370005314058,0.6399830177453534,1.6114742755889893
2D_HOIP (Song-RP3),2D_HOIP,Song-RP3,other/perovskite/2D HOIP/nk/Song-RP3.yml,absorber (visible),0.6044192247811273,0.4003010457486531,0.944069545628889,0.20282777663567064,0.6436734803793951,1.6053473949432373
CdSe (Ninomiya-o),CdSe,Ninomiya-o,main/CdSe/nk/Ninomiya-o.yml,absorber (visible),0.6166257615429525,0.4003010457486531,0.9209611539384119,0.19324184114343138,0.6719728337030776,1.818399429321289
CH3NH3PbI3 (Phillips),CH3NH3PbI3,Phillips,other/perovskite/CH3NH3PbI3/nk/Phillips.yml,absorber (visible),0.6102726313394093,0.4003010457486531,0.9285573751710852,0.1700988133607576,0.7148522393762142,1.8317034244537354
CH3NH3PbI3 (Ball),CH3NH3PbI3,Ball,other/perovskite/CH3NH3PbI3/nk/Ball.yml,absorber (visible),0.5955670874882095,0.4003010457486531,0.9445871103090244,0.2213367610111384,0.6353919213926809,1.6342310905456543
As2Se3 (Joseph-700nm),As2Se3,Joseph-700nm,main/As2Se3/nk/Joseph-700nm.yml,ENZ,0.5671777144973007,0.5163478435922378,0.9856633548960926,0.2851313240899433,0.730521830241873,1.7347145080566406
Au (Lemarchand-4.62nm),Au,Lemarchand-4.62nm,main/Au/nk/Lemarchand-4.62nm.yml,metal,0.5735533586086248,0.4003010457486531,0.9700032616748296,0.192223900329796,0.6406197754231875,1.6470894813537598
Te (Ciesielski),Te,Ciesielski,main/Te/nk/Ciesielski.yml,absorber (visible),0.5676747095401679,0.4003010457486531,0.9784599249780931,0.5102948561694233,0.6822254345205345,1.5799298286437988
Au (Klinavicius-19.7nm),Au,Klinavicius-19.7nm,main/Au/nk/Klinavicius-19.7nm.yml,metal,0.5669523774112357,0.4003010457486531,0.9732155566998171,0.17636670046614916,0.649304968411308,1.6851723194122314
Mo (Kirillova),Mo,Kirillova,main/Mo/nk/Kirillova.yml,metal,0.5532362442233677,0.4003010457486531,0.9877120381250017,0.43319671899865125,0.687475662191864,1.7528471946716309
Au (Werner-DFT),Au,Werner-DFT,main/Au/nk/Werner-DFT.yml,metal,0.5597822932163689,0.4003010457486531,0.9713550628419656,0.2234200179261985,0.6460804879401785,1.6597023010253906
Au (Klinavicius-30.4nm),Au,Klinavicius-30.4nm,main/Au/nk/Klinavicius-30.4nm.yml,metal,0.5588085187951155,0.4003010457486531,0.9717713166691068,0.17241900356824952,0.6443383536443605,1.6456043720245361
TiN (Shkondin-800),TiN,Shkondin-800,main/TiN/nk/Shkondin-800.yml,metal,0.5722190454485324,0.4003010457486531,0.9468330082015253,0.19543539425352643,0.6244562484273606,1.6382734775543213
Au (Lemarchand-5.77nm),Au,Lemarchand-5.77nm,main/Au/nk/Lemarchand-5.77nm.yml,metal,0.5590954563634333,0.4003010457486531,0.9688950561015572,0.1858192990192001,0.6378034516982556,1.6490437984466553
Au (Lemarchand-3.96nm),Au,Lemarchand-3.96nm,main/Au/nk/Lemarchand-3.96nm.yml,metal,0.5554085347013051,0.4003010457486531,0.969816577766429,0.2017200882047976,0.6386532551381074,1.599799394607544
ZrTe5 (Guo-γ),ZrTe5,Guo-γ,main/ZrTe5/nk/Guo-gamma.yml,metal,0.557374292310259,0.4003010457486531,0.9616529639952593,0.26702678275429054,0.6288598873558049,1.584906816482544
Fe (Werner-DFT),Fe,Werner-DFT,main/Fe/nk/Werner-DFT.yml,metal,0.5408109426367815,0.49442356573394397,0.9889720570398318,0.4318148996268855,0.6751131513951805,1.6039211750030518
C (Arakawa),C,Arakawa,main/C/nk/Arakawa.yml,absorber (visible),0.5611881216611536,0.4003010457486531,0.9402382265969061,0.2409555762584476,0.634321248537931,1.8320131301879883
ZrTe5 (Guo-α),ZrTe5,Guo-α,main/ZrTe5/nk/Guo-alpha.yml,metal,0.5504024758539632,0.4003010457486531,0.9529115169365384,0.21794063806694736,0.6175647224960277,1.6271312236785889
AuAl2 (Supansomboon),AuAl2,Supansomboon,other/intermetallics/AuAl2/nk/Supansomboon.yml,metal,0.5423619120688572,0.4003010457486531,0.9655672821466882,0.19143219359785413,0.622439019624728,1.5949583053588867
Ti (Johnson),Ti,Johnson,main/Ti/nk/Johnson.yml,metal,0.5316167950430368,0.4003010457486531,0.9820440351725878,0.3690191074866746,0.6702170256470066,1.6067962646484375
Cr (Johnson),Cr,Johnson,main/Cr/nk/Johnson.yml,metal,0.5292302459316571,0.4003010457486531,0.9806664295838811,0.407563366238442,0.6683318934287192,1.7016258239746094
Mn (Johnson),Mn,Johnson,main/Mn/nk/Johnson.yml,metal,0.5295449255971525,0.4003010457486531,0.97949197533889,0.35103740658309435,0.6634151519652707,1.6696083545684814
ZrSe2 (Zotev-o),ZrSe2,Zotev-o,main/ZrSe2/nk/Zotev-o.yml,ENZ,0.5242460768924431,0.738503394979017,0.989129601681836,0.40389383515355626,0.6328815113371398,1.894113302230835
Au (Yakubovsky-6nm),Au,Yakubovsky-6nm,main/Au/nk/Yakubovsky-6nm.yml,metal,0.5439999944189097,0.4003010457486531,0.9509597136387629,0.15087509950497735,0.6218972655231529,1.6244101524353027
Au (Hagemann-2),Au,Hagemann-2,main/Au/nk/Hagemann-2.yml,metal,0.5330228169024822,0.4003010457486531,0.9660243078962425,0.154965741216865,0.629763258565248,1.6613249778747559
Ge2Sb2Te5 (Frantz-crystal),Ge2Sb2Te5,Frantz-crystal,main/Ge2Sb2Te5/nk/Frantz-crystal.yml,ENZ,0.5234029606382291,0.4003010457486531,0.981542201023311,0.46416131592469095,0.6702486996604492,1.625054121017456
TiN (Beliaev-sputtering),TiN,Beliaev-sputtering,main/TiN/nk/Beliaev-sputtering.yml,metal,0.5460190305889736,0.4003010457486531,0.9389067490885986,0.17706261251842453,0.615935127406974,1.8204867839813232
Au (Lemarchand-11.7nm),Au,Lemarchand-11.7nm,main/Au/nk/Lemarchand-11.7nm.yml,metal,0.5283141163351281,0.4003010457486531,0.967084057481559,0.16469701647645746,0.6339417616069132,1.602811336517334
MoO2 (Ganzhinov),MoO2,Ganzhinov,main/MoO2/nk/Ganzhinov.yml,absorber (visible),0.5557812946431533,0.4003010457486531,0.918518618910646,0.2016808178905558,0.6597686884412448,1.6863136291503906
Pd-H (Palm),Pd-H,Palm,other/alloys/Pd-H/nk/Palm.yml,metal,0.5217281362545869,0.4003010457486531,0.9747381574644364,0.316831133123974,0.6539645226667073,1.5718498229980469
SnSe (Guo-β),SnSe,Guo-β,main/SnSe/nk/Guo-beta.yml,absorber (visible),0.5318905136095696,0.4003010457486531,0.9551207219476685,0.30577471687577107,0.6313056687001091,2.0309245586395264
Au (Klinavicius-11.4nm),Au,Klinavicius-11.4nm,main/Au/nk/Klinavicius-11.4nm.yml,metal,0.5225762273274348,0.4003010457486531,0.9683662957961469,0.16888780643469997,0.6360781594798015,1.6665513515472412
Au (Yakubovsky-9nm),Au,Yakubovsky-9nm,main/Au/nk/Yakubovsky-9nm.yml,metal,0.5225811471409221,0.4003010457486531,0.9594752093598479,0.1456677491065328,0.6236728551073988,1.6288871765136719
Pb (Mathewson-140K),Pb,Mathewson-140K,main/Pb/nk/Mathewson-140K.yml,metal,0.5056000673151624,0.5106864870067206,0.9862775241567014,0.3333358623280962,0.6855060764215044,1.7373409271240234
Ti (Mash),Ti,Mash,main/Ti/nk/Mash.yml,metal,0.5125530852469353,0.4003010457486531,0.9707843140097703,0.343027861275985,0.6516028552488775,1.7431185245513916
Au (McPeak),Au,McPeak,main/Au/nk/McPeak.yml,metal,0.5104689557211806,0.4003010457486531,0.9659862332088773,0.14060341452884434,0.6314751393012317,1.7764718532562256
Au (Ciesielski),Au,Ciesielski,main/Au/nk/Ciesielski.yml,metal,0.5111813670682499,0.4003010457486531,0.9643431154193554,0.15629194164773555,0.6274497050621604,1.597069263458252
Au (Olmon-ts),Au,Olmon-ts,main/Au/nk/Olmon-ts.yml,metal,0.5053013288227481,0.4003010457486531,0.9652715166155635,0.14181153194501903,0.6302426728042634,1.6251394748687744
Au (Yakubovsky-53nm),Au,Yakubovsky-53nm,main/Au/nk/Yakubovsky-53nm.yml,metal,0.5023293207659025,0.4003010457486531,0.966116197318329,0.1441197901190064,0.6325362388279363,1.6606731414794922
Au (Magnozzi-350C),Au,Magnozzi-350C,main/Au/nk/Magnozzi-350C.yml,metal,0.502302361290091,0.4003010457486531,0.9650396250638975,0.14678128982678937,0.6307891823131372,1.7832763195037842
Au (Klinavicius-7.2nm),Au,Klinavicius-7.2nm,main/Au/nk/Klinavicius-7.2nm.yml,metal,0.4998327547429191,0.4003010457486531,0.9646550090827167,0.16257115380316728,0.6312783182834679,1.6427183151245117
TiN (Shkondin-900),TiN,Shkondin-900,main/TiN/nk/Shkondin-900.yml,metal,0.5129487878855139,0.4003010457486531,0.9398327518357079,0.17499104136713522,0.6136106175858566,1.6775972843170166
Au (Yakubovsky-117nm),Au,Yakubovsky-117nm,main/Au/nk/Yakubovsky-117nm.yml,metal,0.4972435121974875,0.4003010457486531,0.9649633482142218,0.13891767675030398,0.6306755627533317,1.7582190036773682
Ni (Johnson),Ni,Johnson,main/Ni/nk/Johnson.yml,metal,0.49031696484953047,0.4003010457486531,0.9751497645070513,0.2856378412775514,0.6505884504616422,1.6998465061187744
Au (Magnozzi-225C),Au,Magnozzi-225C,main/Au/nk/Magnozzi-225C.yml,metal,0.4948802873761129,0.4003010457486531,0.9640020844508577,0.14133388647489137,0.629310735903563,1.7471213340759277
TiN (Schnabel),TiN,Schnabel,main/TiN/nk/Schnabel.yml,metal,0.5090702772007305,0.4003010457486531,0.9361780511550473,0.16502603131945467,0.6084480196901498,1.6652348041534424
Au (Yakubovsky-25nm),Au,Yakubovsky-25nm,main/Au/nk/Yakubovsky-25nm.yml,metal,0.4919847865919469,0.4003010457486531,0.9651509997196638,0.14477119789250828,0.6321830610442343,1.754089117050171
TiN (Pfluger),TiN,Pfluger,main/TiN/nk/Pfluger.yml,metal,0.5037981732363948,0.4003010457486531,0.9414454346198677,0.21563416442457442,0.6146007319437037,1.8203184604644775
Au (Magnozzi-25C),Au,Magnozzi-25C,main/Au/nk/Magnozzi-25C.yml,metal,0.4909201589185329,0.4003010457486531,0.9634011388596577,0.13712641695433428,0.6284563803649785,1.7484986782073975
Au (Olmon-ev),Au,Olmon-ev,main/Au/nk/Olmon-ev.yml,metal,0.49025336044220913,0.4003010457486531,0.9633414467639323,0.1363494654420163,0.6279389953144893,1.8803200721740723
Ni-Fe (Tikuisis_bare150nm),Ni-Fe,Tikuisis_bare150nm,other/alloys/Ni-Fe/nk/Tikuisis_bare150nm.yml,metal,0.4824700772229634,0.4003010457486531,0.9782113300123558,0.32343861544248464,0.6539653411959352,1.6673877239227295
Ni (Rakic-LD),Ni,Rakic-LD,main/Ni/nk/Rakic-LD.yml,metal,0.48466294074473926,0.4003010457486531,0.9713143909680385,0.288180564387547,0.6462633876989384,1.5845527648925781
Au-Ag (Rioux-Au100Ag0),Au-Ag,Rioux-Au100Ag0,other/alloys/Au-Ag/nk/Rioux-Au100Ag0.yml,metal,0.4880583190773474,0.4003010457486531,0.9633464549571054,0.136702379660561,0.6299192790778961,1.5966031551361084
Ti (Palm),Ti,Palm,main/Ti/nk/Palm.yml,absorber (visible),0.4892707345826184,0.4003010457486531,0.9599336652956888,0.28681030853301126,0.6309795920949284,1.6394693851470947
Au (Klinavicius-40.0nm),Au,Klinavicius-40.0nm,main/Au/nk/Klinavicius-40.0nm.yml,metal,0.48682750964361476,0.4003010457486531,0.9625942112562598,0.1569449236364998,0.6266793279671657,1.6549620628356934
Au (Babar),Au,Babar,main/Au/nk/Babar.yml,metal,0.48515643139942877,0.4003010457486531,0.961367709361413,0.1309110854905379,0.6261354402380319,1.884202003479004
TiH2 (Palm),TiH2,Palm,main/TiH2/nk/Palm.yml,metal,0.48518004030514106,0.4003010457486531,0.9604323741766784,0.2955880294381618,0.6348708686049676,1.588273286819458
Au (Ciesielski-Ge),Au,Ciesielski-Ge,main/Au/nk/Ciesielski-Ge.yml,metal,0.48224518816637507,0.4003010457486531,0.9654243987185611,0.1544801079286376,0.6340449073265251,1.6509883403778076
Au (Olmon-sc),Au,Olmon-sc,main/Au/nk/Olmon-sc.yml,metal,0.48105960376234747,0.4003010457486531,0.9616667318719504,0.13473839664132495,0.6267291465261601,1.6851696968078613
Pt (Rakic-BB),Pt,Rakic-BB,main/Pt/nk/Rakic-BB.yml,metal,0.4723053178579316,0.4003010457486531,0.9777109640124324,0.3096099793219925,0.6523061988449967,1.6431877613067627
Ni (Rakic-BB),Ni,Rakic-BB,main/Ni/nk/Rakic-BB.yml,metal,0.4750213736700818,0.4003010457486531,0.9706529987494752,0.2857996673864486,0.6461378151812563,1.570289134979248
Ni-Fe (Tikuisis_gold10nm),Ni-Fe,Tikuisis_gold10nm,other/alloys/Ni-Fe/nk/Tikuisis_gold10nm.yml,metal,0.47100171378320443,0.4003010457486531,0.9781809901326816,0.33347794992645596,0.6544023298302912,1.7208564281463623
Pt (Rakic-LD),Pt,Rakic-LD,main/Pt/nk/Rakic-LD.yml,metal,0.4708990435535043,0.4003010457486531,0.977703121612895,0.30988048855105726,0.6523590553789678,1.623809814453125
Au (Rosenblatt-44nm),Au,Rosenblatt-44nm,main/Au/nk/Rosenblatt-44nm.yml,metal,0.4772513866672671,0.4003010457486531,0.9624216818241574,0.1376162566267319,0.6286296387469062,1.5422005653381348
Bi (Hagemann),Bi,Hagemann,main/Bi/nk/Hagemann.yml,metal,0.4747067251082492,0.4003010457486531,0.9671989767044936,0.3144368418602645,0.6421907258055218,1.7449443340301514
Au (Rakic-BB),Au,Rakic-BB,main/Au/nk/Rakic-BB.yml,metal,0.4735529298475183,0.4003010457486531,0.9604211218664492,0.13551823036500885,0.6265678118620213,1.6674246788024902
C (Querry-Dixon200-10),C,Querry-Dixon200-10,main/C/nk/Querry-Dixon200-10.yml,absorber (visible),0.4806544141718434,0.4003010457486531,0.9380324269659096,0.22000973818143427,0.6226843860437508,1.6880130767822266
Ni-Fe (Tikuisis_bare10nm),Ni-Fe,Tikuisis_bare10nm,other/alloys/Ni-Fe/nk/Tikuisis_bare10nm.yml,metal,0.45418558357122063,0.4003010457486531,0.9848194466006438,0.34475398973321536,0.6609128921124265,1.6253807544708252
Au-Ag (Rioux-Au90Ag10),Au-Ag,Rioux-Au90Ag10,other/alloys/Au-Ag/nk/Rioux-Au90Ag10.yml,metal,0.46285077379939565,0.4003010457486531,0.9594199641748087,0.12670139616735684,0.6298874560705654,1.6333749294281006
Au (Johnson),Au,Johnson,main/Au/nk/Johnson.yml,metal,0.4569623887537,0.4003010457486531,0.9613671912870817,0.13731030777842,0.6304973395812663,1.6713266372680664
Ni-Fe (Tikuisis_gold150nm),Ni-Fe,Tikuisis_gold150nm,other/alloys/Ni-Fe/nk/Tikuisis_gold150nm.yml,metal,0.4482051353987412,0.4003010457486531,0.9757981965040949,0.31090501518105,0.6520179991852464,1.8637075424194336
Au (Rosenblatt-21nm),Au,Rosenblatt-21nm,main/Au/nk/Rosenblatt-21nm.yml,metal,0.45383375317109664,0.4003010457486531,0.9605252198574477,0.13334693701880443,0.6299942162275245,1.541504144668579
Cu-Zn (Querry-Cu70Zn30),Cu-Zn,Querry-Cu70Zn30,other/alloys/Cu-Zn/nk/Querry-Cu70Zn30.yml,metal,0.4496962684689735,0.4003010457486531,0.9575006588574422,0.13463583455459607,0.6400185973766341,1.841115951538086
Au (Werner),Au,Werner,main/Au/nk/Werner.yml,metal,0.4406510529027563,0.4003010457486531,0.9610591731082425,0.12618311327711815,0.6700203207524403,1.5771067142486572
Nb (Golovashkin-293K),Nb,Golovashkin-293K,main/Nb/nk/Golovashkin-293K.yml,metal,0.43057040445107586,0.4420930675635197,0.9832985000636439,0.3139954653479396,0.6521164286339844,1.5319864749908447
Fe (Querry),Fe,Querry,main/Fe/nk/Querry.yml,metal,0.4354299747688788,0.4003010457486531,0.9723019952830889,0.3177069917434698,0.6489373012016235,1.623633623123169
Co (Werner-DFT),Co,Werner-DFT,main/Co/nk/Werner-DFT.yml,metal,0.4290641076135253,0.4003010457486531,0.9841753675697219,0.34409990586660644,0.6609219116293761,1.669140338897705
Co (Johnson),Co,Johnson,main/Co/nk/Johnson.yml,metal,0.4314743455114569,0.4003010457486531,0.9766839053731328,0.2903076791268852,0.6531812979905443,1.7979891300201416
stainless_steel (Karlsson-austenitic),stainless_steel,Karlsson-austenitic,other/alloys/stainless steel/nk/Karlsson-austenitic.yml,metal,0.43247622442107736,0.4003010457486531,0.9744131909104684,0.3036498784920719,0.6525631533495282,1.6368701457977295
Ti3C2 (Panova),Ti3C2,Panova,main/Ti3C2/nk/Panova.yml,metal,0.45901275865592805,0.4003010457486531,0.9167350591279119,0.1797132610180599,0.6523859364960503,1.6925032138824463
Au (Rakic-LD),Au,Rakic-LD,main/Au/nk/Rakic-LD.yml,metal,0.43887273774171776,0.4003010457486531,0.955065220797115,0.13227640003130292,0.625782506673133,1.6998662948608398
Cu (Werner-DFT),Cu,Werner-DFT,main/Cu/nk/Werner-DFT.yml,metal,0.4314999326049136,0.4003010457486531,0.9674308875202894,0.20264935278959112,0.6444119193018538,1.7516932487487793
Au-Ag (Rioux-Au80Ag20),Au-Ag,Rioux-Au80Ag20,other/alloys/Au-Ag/nk/Rioux-Au80Ag20.yml,metal,0.43640722354793027,0.4003010457486531,0.9556027067185208,0.11734713593220816,0.6409812703015925,1.6799428462982178
MoOCl2 (Ermolaev-alpha),MoOCl2,Ermolaev-alpha,main/MoOCl2/nk/Ermolaev-alpha.yml,metal,0.4628815491261177,0.4003010457486531,0.894678538783811,0.08420780697638192,0.7703170153169032,1.7584099769592285
C (Querry-DixonHPN2),C,Querry-DixonHPN2,main/C/nk/Querry-DixonHPN2.yml,absorber (visible),0.4442254103626917,0.4003010457486531,0.9289238475393778,0.19895075600267784,0.6249145605169042,1.6940686702728271
C (Song-HiPco),C,Song-HiPco,main/C/nk/Song-HiPco.yml,absorber (visible),0.45829447243972754,0.4003010457486531,0.8994589771608338,0.12391979222407858,0.8440240594560456,1.6895766258239746
Cr (Sytchkova),Cr,Sytchkova,main/Cr/nk/Sytchkova.yml,metal,0.4144378656715114,0.6381318353933818,0.990723273988436,0.3890376998567803,0.6678753529290025,1.6503114700317383
SnSe (Guo-γ),SnSe,Guo-γ,main/SnSe/nk/Guo-gamma.yml,absorber (visible),0.42964778631874867,0.4003010457486531,0.9502238342953494,0.3107694169328642,0.6271230962996225,2.443959951400757
Au (Yakubovsky-4nm),Au,Yakubovsky-4nm,main/Au/nk/Yakubovsky-4nm.yml,metal,0.43440695504419735,0.4003010457486531,0.9393352870934051,0.1412555874510948,0.6142911628183082,1.619457721710205
Cr (Rakic-LD),Cr,Rakic-LD,main/Cr/nk/Rakic-LD.yml,metal,0.4117033193498095,0.4003010457486531,0.98301123029365,0.37201343217682864,0.6611473980577202,1.5950405597686768
Nb (Golovashkin-78K),Nb,Golovashkin-78K,main/Nb/nk/Golovashkin-78K.yml,metal,0.4117455195861719,0.46194581070917623,0.9809939074543498,0.30802207730560693,0.6517962844911367,1.665733814239502
Si (Vuye-450C),Si,Vuye-450C,main/Si/nk/Vuye-450C.yml,ENZ,0.49409856031074506,0.4723026812887824,0.8130322048992845,0.1874864669129952,0.9579515001079045,1.5956909656524658
Nb (Golovashkin-4.2K),Nb,Golovashkin-4.2K,main/Nb/nk/Golovashkin-4.2K.yml,metal,0.4084494481008788,0.46194581070917623,0.9818887127906012,0.3099944183475947,0.6523684087618599,1.6769556999206543
Pb (Werner-DFT),Pb,Werner-DFT,main/Pb/nk/Werner-DFT.yml,metal,0.40526056824605994,0.49442356573394397,0.9875441624337916,0.3147985927335464,0.6907347400018724,1.5991532802581787
Ni (Werner-DFT),Ni,Werner-DFT,main/Ni/nk/Werner-DFT.yml,metal,0.406269617676676,0.4003010457486531,0.9764290179271827,0.2808091369082598,0.655904918647802,1.6227359771728516
Ir (Schmitt-MS),Ir,Schmitt-MS,main/Ir/nk/Schmitt-MS.yml,metal,0.40155608123706765,0.4003010457486531,0.9868684238658134,0.30084416400861724,0.6670301859196142,1.8337414264678955
Cu (Johnson),Cu,Johnson,main/Cu/nk/Johnson.yml,metal,0.4121333132022076,0.4003010457486531,0.9608132739766145,0.15478928629185065,0.6492012722745986,1.589585542678833
Mn (Querry),Mn,Querry,main/Mn/nk/Querry.yml,metal,0.4081383136981479,0.4003010457486531,0.9696058577629894,0.30370301960300605,0.647732273091954,1.6285781860351562
HAC (Smith-Ta750C),HAC,Smith-Ta750C,other/amorphous/HAC/nk/Smith-Ta750C.yml,absorber (visible),0.4291174610707349,0.4003010457486531,0.9210826603848828,0.18385935353148988,0.6411490376803166,1.6785407066345215
Pt (Werner-DFT),Pt,Werner-DFT,main/Pt/nk/Werner-DFT.yml,metal,0.3997503944321188,0.4003010457486531,0.9811878873927057,0.27024711621947345,0.6623864450006745,1.6992692947387695
Ir (Schmitt-ALD),Ir,Schmitt-ALD,main/Ir/nk/Schmitt-ALD.yml,metal,0.3936674920929225,0.4003010457486531,0.9865265265778597,0.295563627619812,0.6677564938878733,1.9819185733795166
Cu (Rakic-BB),Cu,Rakic-BB,main/Cu/nk/Rakic-BB.yml,metal,0.4025731241729894,0.4003010457486531,0.9624550711771602,0.14582096397970548,0.6431176566978289,2.0133886337280273
Au-Ag (Rioux-Au70Ag30),Au-Ag,Rioux-Au70Ag30,other/alloys/Au-Ag/nk/Rioux-Au70Ag30.yml,metal,0.4072152198394948,0.4003010457486531,0.9511773198630448,0.1079725024792032,0.6631155360195784,1.6838109493255615
HAC (Smith-Ta650C),HAC,Smith-Ta650C,other/amorphous/HAC/nk/Smith-Ta650C.yml,absorber (visible),0.4194549879522066,0.4003010457486531,0.9155612301965477,0.17130615102124416,0.6532371156631388,1.6378200054168701
stainless_steel (Karlsson-ferritic),stainless_steel,Karlsson-ferritic,other/alloys/stainless steel/nk/Karlsson-ferritic.yml,metal,0.396747986298561,0.4003010457486531,0.9671932601449554,0.28411298014702563,0.6503936793338176,1.5617566108703613
Cr (Rakic-BB),Cr,Rakic-BB,main/Cr/nk/Rakic-BB.yml,metal,0.3904675341521888,0.4003010457486531,0.9819675707804917,0.3606779554737982,0.6630604307087026,1.662489414215088
Cu (Rakic-LD),Cu,Rakic-LD,main/Cu/nk/Rakic-LD.yml,metal,0.3936535280592698,0.4003010457486531,0.9612539042974482,0.13633099596983936,0.641425562504802,1.8349251747131348
Pt (Tselin),Pt,Tselin,main/Pt/nk/Tselin.yml,metal,0.38542001455986286,0.4003010457486531,0.9793872515743971,0.2596902195406477,0.6603354965831084,1.7416386604309082
Cu (Babar),Cu,Babar,main/Cu/nk/Babar.yml,metal,0.3924611046497084,0.4003010457486531,0.9575410013540693,0.13183087768152527,0.6506100004202635,1.6411700248718262
Cu (Querry),Cu,Querry,main/Cu/nk/Querry.yml,metal,0.3940877868035203,0.4003010457486531,0.9516981318052896,0.14394215428102267,0.6434932208383173,1.655543565750122
Lu (Garcia-Cortes),Lu,Garcia-Cortes,main/Lu/nk/Garcia-Cortes.yml,metal,0.3866064877579376,0.4003010457486531,0.9662013413417095,0.2893036148086609,0.6515996675058446,1.697883129119873
Pd (Palm),Pd,Palm,main/Pd/nk/Palm.yml,metal,0.3820942099853164,0.4003010457486531,0.974968536759964,0.25633671328424973,0.6621561967432208,1.6276910305023193
Ni (Werner),Ni,Werner,main/Ni/nk/Werner.yml,metal,0.3807861420838796,0.4003010457486531,0.9761314891866065,0.16614417241670856,0.6824823477898576,1.5874228477478027
Cu (Hagemann),Cu,Hagemann,main/Cu/nk/Hagemann.yml,metal,0.383568118255622,0.4003010457486531,0.9577975229647063,0.1451297956699586,0.6545032056633848,1.905991554260254
Zn (Querry),Zn,Querry,main/Zn/nk/Querry.yml,metal,0.3714874476214233,0.7977830670801765,0.986399617443714,0.17940485890406113,0.8101209923344701,1.6130790710449219
Si (Vuye-400C),Si,Vuye-400C,main/Si/nk/Vuye-400C.yml,ENZ,0.43980805342102136,0.46194581070917623,0.827558638710925,0.16788217028634117,0.9524041039747269,1.6990537643432617
Pd (Werner-DFT),Pd,Werner-DFT,main/Pd/nk/Werner-DFT.yml,metal,0.3728499049822893,0.4003010457486531,0.9754674932678243,0.25193334338676004,0.6671361446591972,1.675107479095459
Pb (Mathewson-298K),Pb,Mathewson-298K,main/Pb/nk/Mathewson-298K.yml,metal,0.3658638032078191,0.48313460676309844,0.9872855122157626,0.3011571141745767,0.6724716380711286,1.7698421478271484
Pd (Johnson),Pd,Johnson,main/Pd/nk/Johnson.yml,metal,0.3715721478459568,0.4003010457486531,0.9721071890806755,0.23890754087185515,0.663605429021553,1.6038408279418945
Pd (Rakic-LD),Pd,Rakic-LD,main/Pd/nk/Rakic-LD.yml,metal,0.37069936994692343,0.4003010457486531,0.9715641068572745,0.24374435007320855,0.6638433584024801,1.5180835723876953
Pd (Rakic-BB),Pd,Rakic-BB,main/Pd/nk/Rakic-BB.yml,metal,0.3677027714871062,0.4003010457486531,0.971420183274155,0.24273286557337906,0.6646447548976722,1.5364935398101807
Au-Ag (Rioux-Au60Ag40),Au-Ag,Rioux-Au60Ag40,other/alloys/Au-Ag/nk/Rioux-Au60Ag40.yml,metal,0.37497829166184404,0.4003010457486531,0.9454946761148473,0.09782382270192329,0.7037818237884359,1.618117332458496
Cu (McPeak),Cu,McPeak,main/Cu/nk/McPeak.yml,metal,0.35890345300130577,0.4003010457486531,0.9547461311636705,0.12490208207356425,0.6670690567111093,1.7007935047149658
Au (Rosenblatt-11nm),Au,Rosenblatt-11nm,main/Au/nk/Rosenblatt-11nm.yml,metal,0.3564149591080106,0.4003010457486531,0.9468196800384485,0.13792958516879525,0.6388399508869788,1.5943763256072998
C (Querry-AsburyMicro260),C,Querry-AsburyMicro260,main/C/nk/Querry-AsburyMicro260.yml,absorber (visible),0.36770244709101196,0.4003010457486531,0.9113644221870842,0.16025755122948518,0.6331378355621675,1.817305326461792
HAC (Smith-Ta550C),HAC,Smith-Ta550C,other/amorphous/HAC/nk/Smith-Ta550C.yml,absorber (visible),0.3720287443129322,0.4003010457486531,0.8952158221986943,0.12880808978046154,0.7049954583433448,1.6389172077178955
Cu-Zn (Querry-Cu90Zn10),Cu-Zn,Querry-Cu90Zn10,other/alloys/Cu-Zn/nk/Querry-Cu90Zn10.yml,metal,0.3481860374616482,0.4003010457486531,0.9416851943686981,0.11982020479313074,0.6570467300223333,1.6274173259735107
Te (Guo-o),Te,Guo-o,main/Te/nk/Guo-o.yml,ENZ,0.3437099316705057,0.4003010457486531,0.9529334795489177,0.30421606397342915,0.6533629878915883,1.6270911693572998
Cu-Zn (Querry-Cu85Zn15),Cu-Zn,Querry-Cu85Zn15,other/alloys/Cu-Zn/nk/Querry-Cu85Zn15.yml,metal,0.34732896645369105,0.4003010457486531,0.93580945338914,0.11595864516660079,0.6520942521581723,1.6790030002593994
Ta (Werner),Ta,Werner,main/Ta/nk/Werner.yml,metal,0.3318225991043454,0.4003010457486531,0.977664711561347,0.1582418283024804,0.6852132204317862,1.6147754192352295
Ti (Rakic-LD),Ti,Rakic-LD,main/Ti/nk/Rakic-LD.yml,metal,0.33399234887115603,0.4003010457486531,0.960299087241709,0.26441860101477793,0.661167307987175,1.7793846130371094
Au-Ag (Rioux-Au50Ag50),Au-Ag,Rioux-Au50Ag50,other/alloys/Au-Ag/nk/Rioux-Au50Ag50.yml,metal,0.33625740291209705,0.4003010457486531,0.9369865665502898,0.08600652290530351,0.7659475873900388,1.6905486583709717
Ti (Rakic-BB),Ti,Rakic-BB,main/Ti/nk/Rakic-BB.yml,metal,0.3227260595625039,0.4670668390194008,0.9744481663152025,0.26701385483190365,0.6696522061882999,1.753432273864746
Pd (Werner),Pd,Werner,main/Pd/nk/Werner.yml,metal,0.321264331358616,0.4003010457486531,0.9665012427279732,0.09547515199751068,0.7211733669852585,1.5151574611663818
Bi (Werner-DFT),Bi,Werner-DFT,main/Bi/nk/Werner-DFT.yml,metal,0.322761332738126,0.41332522402424815,0.9528716250215031,0.13886394511776207,0.6665405524270716,1.730494737625122
Cu (Werner),Cu,Werner,main/Cu/nk/Werner.yml,metal,0.3165082396196446,0.4003010457486531,0.9615459118590074,0.11822828025944368,0.7196693373462524,1.6689772605895996
C (Querry-DixonKS2),C,Querry-DixonKS2,main/C/nk/Querry-DixonKS2.yml,absorber (visible),0.336430164025064,0.4003010457486531,0.9031732335548031,0.1475543890271588,0.6319475444806713,1.7505662441253662
W (Werner),W,Werner,main/W/nk/Werner.yml,metal,0.3028652812430759,0.452033413952941,0.992084638627799,0.16739885340981053,0.7247181635584813,1.7756898403167725
Zn (Werner-DFT),Zn,Werner-DFT,main/Zn/nk/Werner-DFT.yml,metal,0.2981790187981088,0.7977830670801765,0.995404672235808,0.2079505978113986,0.8554565702279495,1.69950532913208
Rh (Weaver),Rh,Weaver,main/Rh/nk/Weaver.yml,metal,0.2976184749961991,0.4224892866674775,0.986193945363163,0.23545017702850993,0.6965739504759962,1.6305561065673828
Pt (Werner),Pt,Werner,main/Pt/nk/Werner.yml,metal,0.3003438638781277,0.4003010457486531,0.9670838809021327,0.0877427231371693,0.7514452893054123,1.631700038909912
V (Werner),V,Werner,main/V/nk/Werner.yml,metal,0.2952820973012962,0.4003010457486531,0.9697094017359529,0.10768175442912875,0.7189738015070131,1.8534009456634521
Co (Werner),Co,Werner,main/Co/nk/Werner.yml,metal,0.2937982554793377,0.4003010457486531,0.9687136144506893,0.107819320208124,0.7264381670430418,1.7253358364105225
Ti (Werner),Ti,Werner,main/Ti/nk/Werner.yml,metal,0.294880757379989,0.4003010457486531,0.9537139645185256,0.07502906220921667,0.7962629235021287,1.6789352893829346
Fe (Werner),Fe,Werner,main/Fe/nk/Werner.yml,metal,0.2716820239761505,0.4003010457486531,0.9746080385615729,0.15346980094991763,0.7447982481154221,1.640505313873291
ProSQ-C16 (Bernhardt-SS-RR-o),ProSQ-C16,Bernhardt-SS-RR-o,organic/C50H80N2O4 - ProSQ-C16/nk/Bernhardt-RR-SS-o.yml,metal,0.267655009360212,0.7798966921314221,0.9856750263961509,0.0528728441927145,0.9461897154940935,1.79512357711792
Te (Guo-e),Te,Guo-e,main/Te/nk/Guo-e.yml,metal,0.2768651597461619,0.4003010457486531,0.9512228239523408,0.2557942553294201,0.6983733758369151,1.5774269104003906
Au-Ag (Rioux-Au40Ag60),Au-Ag,Rioux-Au40Ag60,other/alloys/Au-Ag/nk/Rioux-Au40Ag60.yml,metal,0.2777212696064095,0.4003010457486531,0.9201491760825661,0.07180332891005022,0.8265973312983959,1.6030995845794678
Ag (Werner-DFT),Ag,Werner-DFT,main/Ag/nk/Werner-DFT.yml,metal,0.2630635606425059,0.4003010457486531,0.9089444045851317,0.04915465412907598,0.964325303323218,1.747969627380371
C (Ermolaev-SWCNT-o),C,Ermolaev-SWCNT-o,main/C/nk/Ermolaev-SWCNT-o.yml,absorber (visible),0.27301229339155786,0.4003010457486531,0.8564431667446478,0.10376622264149851,0.7306346333014782,1.7658178806304932
Hg (Inagaki),Hg,Inagaki,main/Hg/nk/Inagaki.yml,metal,0.2366319525977454,0.4003010457486531,0.9643435039479739,0.20679471074107875,0.7485028686722941,1.642977237701416
C (Ermolaev),C,Ermolaev,main/C/nk/Ermolaev.yml,absorber (visible),0.24780405688412654,0.4003010457486531,0.8482716583787046,0.09435538978752647,0.7323174489614317,1.7513108253479004
ProSQ-C16 (Bernhardt-SS-RR-e),ProSQ-C16,Bernhardt-SS-RR-e,organic/C50H80N2O4 - ProSQ-C16/nk/Bernhardt-RR-SS-e.yml,absorber (visible),0.20995323779007302,0.5772275858872511,0.9390503792882466,0.07434760721374178,0.9636530177157603,1.6685032844543457
ProSQ-C16 (Bernhardt-rac-o),ProSQ-C16,Bernhardt-rac-o,organic/C50H80N2O4 - ProSQ-C16/nk/Bernhardt-rac-o.yml,ENZ,0.20023819691872036,0.7712509312069445,0.9760725154541146,0.04918709438684233,0.9588259592183629,1.7019336223602295
Bi (Werner),Bi,Werner,main/Bi/nk/Werner.yml,metal,0.20410951763168694,0.4003010457486531,0.933539602909899,0.059984892750142335,0.8837558987382594,1.6955718994140625
Ag (Werner),Ag,Werner,main/Ag/nk/Werner.yml,metal,0.20005172648670344,0.4003010457486531,0.9164382685778398,0.07028330422215624,0.8593833539768082,1.6705410480499268
ProSQ-C16 (Bernhardt-rac-e),ProSQ-C16,Bernhardt-rac-e,organic/C50H80N2O4 - ProSQ-C16/nk/Bernhardt-rac-e.yml,absorber (visible),0.19610966485631542,0.5772275858872511,0.9341594514707448,0.06227926708061811,0.9891035745290182,1.5937490463256836
Au-Ag (Rioux-Au30Ag70),Au-Ag,Rioux-Au30Ag70,other/alloys/Au-Ag/nk/Rioux-Au30Ag70.yml,metal,0.1957972601558241,0.4003010457486531,0.8845787610099126,0.05599095047216504,0.8856912162682512,1.6895246505737305
MgH2 (Palm),MgH2,Palm,main/MgH2/nk/Palm.yml,absorber (visible),0.18799031424961554,0.5524553779039192,0.9177914196934399,0.12700201560883403,0.9583468756902047,1.637380838394165
PTB7-PC71BM (Stelling),PTB7-PC71BM,Stelling,other/mixed organic/PTB7-PC71BM/nk/Stelling.yml,absorber (visible),0.21648361208988076,0.4003010457486531,0.7848865650136841,0.08105678667083216,0.8447447244893269,1.6340687274932861
In (Mathewson-298K),In,Mathewson-298K,main/In/nk/Mathewson-298K.yml,metal,0.17027389504794133,0.4003010457486531,0.9574065282044729,0.1368535677786048,0.8260132562482363,1.7480113506317139
Zn (Werner),Zn,Werner,main/Zn/nk/Werner.yml,metal,0.167929023600631,0.4003010457486531,0.9504468595620531,0.12653500088544628,0.849126386509422,1.6439180374145508
ZZ50 (Kamptner-o),ZZ50,Kamptner-o,organic/(C31H38N2S3)n - ZZ50/nk/Kamptner-o.yml,absorber (visible),0.1874335314556409,0.40889067400246276,0.8131635178093435,0.0864220088617472,0.9369706576544323,1.7714524269104004
PBDBT-ITIC (Kerremans),PBDBT-ITIC,Kerremans,other/mixed organic/PBDBT-ITIC/nk/Kerremans.yml,absorber (visible),0.18886551217380532,0.4003010457486531,0.7854336210103496,0.10656661862326883,0.8060979980135523,1.6485650539398193
Al (Rakic),Al,Rakic,main/Al/nk/Rakic.yml,metal,0.1415810745752505,0.7977830670801765,0.9939446813480823,0.1052975641737288,0.9373901590687855,1.5752310752868652
Al (Hagemann),Al,Hagemann,main/Al/nk/Hagemann.yml,metal,0.14137330501778167,0.7977830670801765,0.9936331055056763,0.10506358344168305,0.931636023343867,1.6606903076171875
Al (Rakic-BB),Al,Rakic-BB,main/Al/nk/Rakic-BB.yml,metal,0.13845571183492322,0.7977830670801765,0.9936604082259618,0.10212134525652423,0.9710528018001223,1.6853981018066406
Al (Rakic-LD),Al,Rakic-LD,main/Al/nk/Rakic-LD.yml,metal,0.13689248619810845,0.7977830670801765,0.9936993823820964,0.1012383247143894,0.976045833434301,1.8272998332977295
Al (McPeak),Al,McPeak,main/Al/nk/McPeak.yml,metal,0.13627452562721853,0.7977830670801765,0.99203290898125,0.0987394369722145,0.8794842616060716,1.6567716598510742
PDCBT (Kamptner-o),PDCBT,Kamptner-o,organic/(C42H56O4S2)n - PDCBT/nk/Kamptner-o.yml,absorber (visible),0.1495628775460015,0.5584469330160432,0.893635805126607,0.07574927820320522,0.819319464697309,1.6257293224334717
Al2O3 (Querry),Al2O3,Querry,main/Al2O3/nk/Querry.yml,metal,0.1325556255272785,0.7977830670801765,0.9912831932313153,0.10523702029900785,0.932308548703439,1.696645736694336
In (Mathewson-140K),In,Mathewson-140K,main/In/nk/Mathewson-140K.yml,metal,0.136636856004125,0.4003010457486531,0.9521433890578477,0.1178877038813344,0.9033027489992982,1.7829358577728271
Li-C12H4N4 (Querry),Li-C12H4N4,Querry,other/mixed organic-inorganic/Li-C12H4N4/nk/Querry.yml,absorber (visible),0.1667992963451972,0.4003010457486531,0.7649441727345975,0.04846880504076034,0.9866494533592319,1.6006581783294678
Al (Cheng),Al,Cheng,main/Al/nk/Cheng.yml,metal,0.11421989660009624,0.7977830670801765,0.9888794453609415,0.0854129376972539,0.9237721066706379,1.632612705230713
Mg (Palm),Mg,Palm,main/Mg/nk/Palm.yml,metal,0.11594365496011316,0.49442356573394397,0.9611790388141233,0.10315127870988536,0.9185244970241551,1.7341349124908447
Ca (Mathewson),Ca,Mathewson,main/Ca/nk/Mathewson.yml,metal,0.1261636525610006,0.4003010457486531,0.8149255183591683,0.05658137715277669,0.9030654120753723,1.6881332397460938
Au-Ag (Rioux-Au20Ag80),Au-Ag,Rioux-Au20Ag80,other/alloys/Au-Ag/nk/Rioux-Au20Ag80.yml,metal,0.12376830393934157,0.4003010457486531,0.8214236442490431,0.040317307477247766,0.9883411300655873,1.710479497909546
Pb (Werner),Pb,Werner,main/Pb/nk/Werner.yml,metal,0.09741732295661998,0.6173696043780909,0.9735133174574452,0.08293016515133354,0.9862903576028024,1.7599921226501465
Li (Rasigni),Li,Rasigni,main/Li/nk/Rasigni.yml,metal,0.11491883321278729,0.4003010457486531,0.8090878218465671,0.04725011413769383,0.9515854791927318,1.788740634918213
PBDB-T-2F (Kamptner-o),PBDB-T-2F,Kamptner-o,organic/(C68H76F2O2S8)n - PBDB-T-2F/nk/Kamptner-o.yml,absorber (visible),0.130390922835248,0.4003010457486531,0.685815981474863,0.06964214504226476,0.8500005167940441,1.6602859497070312
Li (Inagaki),Li,Inagaki,main/Li/nk/Inagaki.yml,metal,0.10940283581544463,0.4003010457486531,0.8104022516730354,0.04501410904358401,0.9493789263445298,1.8134596347808838
Ag (Ciesielski-Ge),Ag,Ciesielski-Ge,main/Ag/nk/Ciesielski-Ge.yml,metal,0.10487655867021184,0.4003010457486531,0.8283230563767291,0.062335173749711585,0.9425807684246117,1.6272997856140137
Li (Mathewson-298K),Li,Mathewson-298K,main/Li/nk/Mathewson-298K.yml,metal,0.10590388120378291,0.4003010457486531,0.8016415168914521,0.039120488855057575,0.964267164753503,1.7746050357818604
PTB7 (Kamptner-o),PTB7,Kamptner-o,organic/(C41H53FO4S4)n - PTB7/nk/Kamptner-o.yml,absorber (visible),0.1251434130142719,0.4003010457486531,0.6625077423793315,0.07597608795648633,0.888547977821575,1.7091014385223389
Ag (Hagemann),Ag,Hagemann,main/Ag/nk/Hagemann.yml,metal,0.09514954743743131,0.4003010457486531,0.8098326232097233,0.04764220081128389,0.9886095998352866,1.6581828594207764
Mo (Werner),Mo,Werner,main/Mo/nk/Werner.yml,metal,0.07972052069307334,0.4003010457486531,0.9583057955058331,0.055772123107732045,0.766656640631646,1.723668098449707
Li (Mathewson-140K),Li,Mathewson-140K,main/Li/nk/Mathewson-140K.yml,metal,0.09101915812621486,0.4003010457486531,0.7644751878739876,0.032872696553562064,0.9924925761320811,1.8945708274841309
Ag (Ciesielski),Ag,Ciesielski,main/Ag/nk/Ciesielski.yml,metal,0.08435297029480415,0.4003010457486531,0.7582099615243846,0.025172010295885613,0.973270596075375,1.725968360900879
Ag (Rakic-LD),Ag,Rakic-LD,main/Ag/nk/Rakic-LD.yml,metal,0.07323642621492232,0.4003010457486531,0.7179910979830285,0.03177947772341266,0.9900531830083,1.7113282680511475
Mg (Hagemann),Mg,Hagemann,main/Mg/nk/Hagemann.yml,metal,0.059929965464638024,0.4003010457486531,0.8559832724173287,0.04719013561824983,0.9610420480107896,1.7448256015777588
Au-Ag (Rioux-Au10Ag90),Au-Ag,Rioux-Au10Ag90,other/alloys/Au-Ag/nk/Rioux-Au10Ag90.yml,metal,0.06942894313721315,0.4003010457486531,0.6946471394341699,0.025739216533239306,0.9541113673284289,1.6113190650939941
Ag (Rakic-BB),Ag,Rakic-BB,main/Ag/nk/Rakic-BB.yml,metal,0.06751601622460224,0.4003010457486531,0.7026591057175159,0.0324014699536193,0.9510166253929669,1.658324956893921
Cs (Smith),Cs,Smith,main/Cs/nk/Smith.yml,metal,0.07804549888889378,0.4003010457486531,0.6024986962677287,0.03649425898392763,0.39720965307503187,1.6342229843139648
PTB7 (Kamptner-e),PTB7,Kamptner-e,organic/(C41H53FO4S4)n - PTB7/nk/Kamptner-e.yml,absorber (visible),0.0889988966955293,0.4003010457486531,0.5000868441687225,0.04960446049759888,0.9708659777638433,1.6129720211029053
Ag (Ferrera-501K),Ag,Ferrera-501K,main/Ag/nk/Ferrera-501K.yml,metal,0.05350900141395032,0.4003010457486531,0.6590387780304224,0.02895533928725469,0.9582248987721524,1.7375409603118896
Ag (Ferrera-600K),Ag,Ferrera-600K,main/Ag/nk/Ferrera-600K.yml,metal,0.053387930820374074,0.4003010457486531,0.6550889685558287,0.028817598024575616,0.9576682188947193,1.701923131942749
Ag (Ferrera-404K),Ag,Ferrera-404K,main/Ag/nk/Ferrera-404K.yml,metal,0.050600452510068394,0.4003010457486531,0.6360945525195353,0.027862748024881107,0.9507117126666274,1.6260385513305664
Ag (Ferrera-298K),Ag,Ferrera-298K,main/Ag/nk/Ferrera-298K.yml,metal,0.050266368206181355,0.4003010457486531,0.627851886712749,0.02831952294356277,0.9404541121598137,1.6389613151550293
Ag (Ciesielski-Ni),Ag,Ciesielski-Ni,main/Ag/nk/Ciesielski-Ni.yml,metal,0.048047601573479204,0.4003010457486531,0.6014325215902989,0.019727016567679792,0.8111836975664999,1.6561601161956787
NbSe2 (Munkhbat-e),NbSe2,Munkhbat-e,main/NbSe2/nk/Munkhbat-e.yml,metal,0.10420221054225864,0.4003010457486531,0.24998922476552723,0.038623951791952306,0.9659307023634451,1.5988309383392334
Na (Inagaki),Na,Inagaki,main/Na/nk/Inagaki.yml,metal,0.04848440749633742,0.4003010457486531,0.5103933978829323,0.01975164380332468,0.9391733770322468,1.675715684890747
Na (Smith),Na,Smith,main/Na/nk/Smith.yml,metal,0.044971461485704634,0.4003010457486531,0.47507939153539136,0.019555489244586378,0.8546380337288103,1.7003436088562012
Ag (Jiang),Ag,Jiang,main/Ag/nk/Jiang.yml,metal,0.042847322038991886,0.4003010457486531,0.4967664804166871,0.017134273124369236,0.8363113755185141,1.7199223041534424
Ag (Yang),Ag,Yang,main/Ag/nk/Yang.yml,metal,0.038952586948262646,0.4003010457486531,0.5197488520684478,0.016696829176646423,0.8005332564293768,1.6903479099273682
Ag (Babar),Ag,Babar,main/Ag/nk/Babar.yml,metal,0.03714728012821478,0.4003010457486531,0.5069915641274192,0.015599674965154218,0.8153174421394604,1.6701161861419678
Rb (Smith),Rb,Smith,main/Rb/nk/Smith.yml,metal,0.048632807809290246,0.4003010457486531,0.37414642637456114,0.022764952614539372,0.8667916435890299,1.7447855472564697
Ag (Johnson),Ag,Johnson,main/Ag/nk/Johnson.yml,metal,0.03608365441209571,0.4003010457486531,0.48387059799497983,0.015021865496176779,0.7617784259295175,1.631399393081665
Ag (Wu),Ag,Wu,main/Ag/nk/Wu.yml,metal,0.03529987498384002,0.4003010457486531,0.4802919450651221,0.012757026293925885,0.7469443202123839,1.5923261642456055
Ag (McPeak),Ag,McPeak,main/Ag/nk/McPeak.yml,metal,0.03445890083011527,0.4003010457486531,0.46383268227194674,0.014597206428570637,0.769647320245363,1.5888307094573975
Au-Ag (Rioux-Au0Ag100),Au-Ag,Rioux-Au0Ag100,other/alloys/Au-Ag/nk/Rioux-Au0Ag100.yml,metal,0.03304323896122319,0.4003010457486531,0.389665035751462,0.012813156304702967,0.5847348758086728,1.6362643241882324
Na (Inagaki-liquid),Na,Inagaki-liquid,main/Na/nk/Inagaki-liquid.yml,metal,0.03491703358101261,0.4003010457486531,0.31319028754768335,0.015419148870193205,0.7944940509760969,1.6104762554168701
In2O3-SnO2 (Minenkov-glass),In2O3-SnO2,Minenkov-glass,other/mixed crystals/In2O3-SnO2/nk/Minenkov-glass.yml,metal,0.06650992218308205,0.4003010457486531,0.16093905535161318,0.021885576255522423,0.8799328753154307,1.6666460037231445
In2O3-SnO2 (Minenkov-wafer-bottom),In2O3-SnO2,Minenkov-wafer-bottom,other/mixed crystals/In2O3-SnO2/nk/Minenkov-wafer-bottom.yml,metal,0.0627649422332961,0.4003010457486531,0.13753598618130913,0.02233372109255221,0.7479401926064471,1.6444427967071533
K (Smith),K,Smith,main/K/nk/Smith.yml,metal,0.03742074492795755,0.4003010457486531,0.21806325380687624,0.017448777839056205,0.9137081509829104,1.7958903312683105
In2O3-SnO2 (Minenkov-wafer-top),In2O3-SnO2,Minenkov-wafer-top,other/mixed crystals/In2O3-SnO2/nk/Minenkov-wafer-top.yml,ENZ,0.06260215052289697,0.4003010457486531,0.10065464172137682,0.021433875170605587,0.8783470386429193,1.6761786937713623
