label,book,page,data,Q_spp_screen,Q_lsp_screen,lam,Rmin,fwhm,spr,lam_eps01,Rmin_eps01,time
Ag (Wu),Ag,Wu,main/Ag/nk/Wu.yml,3551.985952823895,73.29411871223238,0.6052314543564304,0.2243950792823086,0.034538874389612784,True,0.6109296922860263,0.040276943587089706,5.550758361816406
Ag (McPeak),Ag,McPeak,main/Ag/nk/McPeak.yml,2141.9907529688467,45.173169430465215,0.6167362475352056,0.0730945199778405,0.03519907772453701,True,0.6226542382321415,0.031961435866262995,5.334007024765015
Ag (Johnson),Ag,Johnson,main/Ag/nk/Johnson.yml,4435.109803696284,88.49189854486087,0.6226542382321415,0.04624765641632766,0.041506071897993824,True,0.6226542382321415,0.02683171827414388,5.448286771774292
Ag (Babar),Ag,Babar,main/Ag/nk/Babar.yml,2594.684082332016,53.186339402487945,0.6226542382321415,0.09018604391434619,0.041506071897993824,True,0.6286869033465393,0.04028754780889142,5.391469240188599
Ag (Ciesielski-Ni),Ag,Ciesielski-Ni,main/Ag/nk/Ciesielski-Ni.yml,894.8943213762125,25.458675845983628,0.6286869033465393,0.0063038527597219,0.04776273976741896,True,0.6286869033465393,0.033229683709094376,5.1278204917907715
Ag (Yang),Ag,Yang,main/Ag/nk/Yang.yml,1438.290483459189,35.44804535990801,0.6353796288879422,0.07381735454870346,0.048553792278683394,True,0.6411446027743082,0.022888316944586776,5.3774683475494385
Au (McPeak),Au,McPeak,main/Au/nk/McPeak.yml,1233.2254217817635,26.48718619722829,0.6913252756156385,0.02403551547331734,0.05243990732125203,True,0.6919155247112906,0.022050731158660984,1.5757536888122559
Cu (Babar),Cu,Babar,main/Cu/nk/Babar.yml,1921.9625146998706,43.86608565337363,0.6981934643086195,0.11667847540581235,0.05287409468891435,True,0.6981934643086195,0.0633232005620478,1.6008741855621338
Ag (Jiang),Ag,Jiang,main/Ag/nk/Jiang.yml,1161.3410675807004,33.93649518966376,0.665290039813889,0.09088828953963687,0.057048861534311324,True,0.665290039813889,0.03757898596629143,5.3739447593688965
Ag (Ciesielski),Ag,Ciesielski,main/Ag/nk/Ciesielski.yml,1086.0190358555776,28.477612191055794,0.665290039813889,0.055360371121388904,0.057048861534311324,True,0.6716132606716819,0.025107861306233825,5.258302927017212
Cu (McPeak),Cu,McPeak,main/Cu/nk/McPeak.yml,1236.1834171566736,27.647902438105206,0.6919155247112906,0.034733135790452355,0.05919731554670726,True,0.6981934643086195,0.01936732266714589,1.648855447769165
Au (Babar),Au,Babar,main/Au/nk/Babar.yml,1294.9484192120578,32.282068742715964,0.7244873553605963,0.13672457138418367,0.06212505275276359,True,0.7313732145835975,0.07411142861434611,1.6137332916259766
Au (Olmon-ts),Au,Olmon-ts,main/Au/nk/Olmon-ts.yml,861.8102064970694,19.24133194417513,0.6981934643086195,0.0010470586751586668,0.06608317476970849,True,0.7045863699651128,0.03235555480163179,1.694657325744629
Au (Yakubovsky-117nm),Au,Yakubovsky-117nm,main/Au/nk/Yakubovsky-117nm.yml,887.6690241377062,20.295252655540235,0.7045863699651128,0.017604761155511357,0.06677796184835805,True,0.7045863699651128,0.0171227895827914,1.591555118560791
Au-Ag (Rioux-Au100Ag0),Au-Ag,Rioux-Au100Ag0,other/alloys/Au-Ag/nk/Rioux-Au100Ag0.yml,1003.6973420682285,22.692140077758392,0.7045863699651128,0.009536739253756185,0.06677796184835805,True,0.7045863699651128,0.025304036105795666,1.6961374282836914
Au (Magnozzi-25C),Au,Magnozzi-25C,main/Au/nk/Magnozzi-25C.yml,815.5480555982563,19.26524964780554,0.7045863699651128,0.018879515789734645,0.06748738771780916,True,0.7110974288732093,0.0197172463416075,1.7218959331512451
Au (Olmon-ev),Au,Olmon-ev,main/Au/nk/Olmon-ev.yml,912.1303609041912,21.46924804412673,0.7110974288732093,0.008125172214581021,0.06748738771780916,True,0.7110974288732093,0.01952068196496374,1.6124975681304932
Au (Rosenblatt-21nm),Au,Rosenblatt-21nm,main/Au/nk/Rosenblatt-21nm.yml,870.5094262251331,20.815087618537223,0.717729947135141,0.02842459032559802,0.06821191653797709,True,0.717729947135141,0.019499421687663984,1.592139482498169
Au (Rosenblatt-44nm),Au,Rosenblatt-44nm,main/Au/nk/Rosenblatt-44nm.yml,762.9828527135664,20.01278939164184,0.717729947135141,0.03294591481590671,0.0684029923500925,True,0.7244873553605963,0.020089505270797278,1.5916764736175537
Ag (Werner-DFT),Ag,Werner-DFT,main/Ag/nk/Werner-DFT.yml,540.0130556985586,13.361858622368812,0.6529941941238494,0.02878853700005968,0.068671037383497,True,0.6529941941238494,0.07925533376535732,5.107769250869751
Au-Ag (Rioux-Au10Ag90),Au-Ag,Rioux-Au10Ag90,other/alloys/Au-Ag/nk/Rioux-Au10Ag90.yml,696.0775106729213,19.04581144045575,0.665290039813889,0.007419582784825964,0.06920674107717062,True,0.665290039813889,0.02480225228630136,1.6513428688049316
Ag (Ferrera-404K),Ag,Ferrera-404K,main/Ag/nk/Ferrera-404K.yml,759.9277869861443,16.131131096138315,0.6348376086008514,0.04150813877291239,0.07197472979536756,True,0.6353796288879422,0.09688613600268561,5.442904472351074
Ag (Ferrera-600K),Ag,Ferrera-600K,main/Ag/nk/Ferrera-600K.yml,708.5831316078462,14.782027722334243,0.6286869033465393,0.05667076640006814,0.07197472979536756,True,0.6348376086008514,0.10879381501964162,5.364239454269409
Au (Yakubovsky-53nm),Au,Yakubovsky-53nm,main/Au/nk/Yakubovsky-53nm.yml,744.8823418521089,16.248803181252228,0.6919155247112906,0.007132249865416864,0.0722884402641133,True,0.6981934643086195,0.031547126620602745,1.542548418045044
Au (Yakubovsky-25nm),Au,Yakubovsky-25nm,main/Au/nk/Yakubovsky-25nm.yml,592.5257828648033,13.834347225823981,0.6981934643086195,0.015049864048183334,0.07310118270615096,True,0.7045863699651128,0.042130753597507016,1.5730633735656738
Ag (Ferrera-298K),Ag,Ferrera-298K,main/Ag/nk/Ferrera-298K.yml,773.5845589040858,16.912529271089998,0.6411446027743082,0.035864769065889944,0.0736975900986514,True,0.6470151489298279,0.08884538411376182,5.5390989780426025
Au (Magnozzi-225C),Au,Magnozzi-225C,main/Au/nk/Magnozzi-225C.yml,638.4444023631554,15.372458201928744,0.7045863699651128,0.00011115763959314617,0.07393195951730747,True,0.7045863699651128,0.030218775126812265,1.7117669582366943
Au (Olmon-sc),Au,Olmon-sc,main/Au/nk/Olmon-sc.yml,885.9602754563526,21.865085207831388,0.7244873553605963,0.015146066676449068,0.07536473690505108,True,0.7244873553605963,0.019368873268719215,1.7802667617797852
Au (Johnson),Au,Johnson,main/Au/nk/Johnson.yml,590.1315621202134,16.602498288459596,0.717729947135141,0.009682874343059223,0.07569123467670535,True,0.717729947135141,0.02175722199173125,1.827056646347046
Ag (Ferrera-501K),Ag,Ferrera-501K,main/Ag/nk/Ferrera-501K.yml,720.0208015728714,15.122692939623198,0.6286869033465393,0.056953621534476036,0.07746523171475539,True,0.6348376086008514,0.11178529994918372,5.436802625656128
Au-Ag (Rioux-Au90Ag10),Au-Ag,Rioux-Au90Ag10,other/alloys/Au-Ag/nk/Rioux-Au90Ag10.yml,516.5277772597693,11.779194797415714,0.6981934643086195,0.033561914396378595,0.07930644820055577,True,0.6981934643086195,0.07007176337735255,1.660426378250122
Au (Magnozzi-350C),Au,Magnozzi-350C,main/Au/nk/Magnozzi-350C.yml,518.4930726547482,12.164291039307056,0.6981934643086195,0.02357705517490843,0.08025518037510038,True,0.7045863699651128,0.05256304499978107,1.5911519527435303
Cu (Johnson),Cu,Johnson,main/Cu/nk/Johnson.yml,422.75071146181693,10.007886433337836,0.7045863699651128,0.028041994909621108,0.0812259382509729,True,0.7110974288732093,0.06341915693243858,1.592538833618164
Cu (Hagemann),Cu,Hagemann,main/Cu/nk/Hagemann.yml,428.53169965670577,10.090613642934699,0.7045863699651128,0.03160419567708077,0.0812259382509729,True,0.7110974288732093,0.06432841850699017,1.5785953998565674
Cu (Rakic-BB),Cu,Rakic-BB,main/Cu/nk/Rakic-BB.yml,430.60781970102124,12.179362942067131,0.7110974288732093,0.01935743300329887,0.08226068459020286,True,0.717729947135141,0.050913928804974674,1.572901964187622
Au-Ag (Rioux-Au20Ag80),Au-Ag,Rioux-Au20Ag80,other/alloys/Au-Ag/nk/Rioux-Au20Ag80.yml,449.8816731069067,11.70536124948094,0.665290039813889,0.039559235548721566,0.08241052552666994,True,0.665290039813889,0.08673857800434791,1.6306777000427246
Au (Rakic-BB),Au,Rakic-BB,main/Au/nk/Rakic-BB.yml,414.21284882176894,12.470244962215537,0.73839122252004,0.0025915970586000052,0.08436566097799791,True,0.7455452201889894,0.01932466306851579,1.5935695171356201
Au-Ag (Rioux-Au30Ag70),Au-Ag,Rioux-Au30Ag70,other/alloys/Au-Ag/nk/Rioux-Au30Ag70.yml,355.60918799492885,8.8957859811301,0.665290039813889,0.09880466703400152,0.08904304378860173,True,0.6716132606716819,0.1443757271247634,1.6509034633636475
Ag (Rakic-LD),Ag,Rakic-LD,main/Ag/nk/Rakic-LD.yml,599.7320953966304,14.671873377639944,0.6913252756156385,0.00757190052499753,0.09137607359021205,True,0.6919155247112906,0.0348646318078337,5.145939826965332
Au-Ag (Rioux-Au80Ag20),Au-Ag,Rioux-Au80Ag20,other/alloys/Au-Ag/nk/Rioux-Au80Ag20.yml,380.29041809905675,8.739494339556018,0.6846272823846777,0.09643627649668003,0.09137607359021205,True,0.6913252756156385,0.1338948064264333,1.7786641120910645
Zn (Querry),Zn,Querry,main/Zn/nk/Querry.yml,,,0.9150164411019832,0.004339878807199538,0.09385454396814219,True,0.9150164411019832,0.009225867903830471,1.9056241512298584
Au-Ag (Rioux-Au40Ag60),Au-Ag,Rioux-Au40Ag60,other/alloys/Au-Ag/nk/Rioux-Au40Ag60.yml,312.4271648576817,7.591584839894142,0.6716132606716819,0.14258245384950083,0.09580045201405696,True,0.6716132606716819,0.18227256462110475,1.658764123916626
Au (Ciesielski),Au,Ciesielski,main/Au/nk/Ciesielski.yml,393.18524568498606,10.119599323673219,0.73839122252004,0.0331590867487958,0.09825712762189653,True,0.7455452201889894,0.06127384643342154,1.5997672080993652
Ag (Rakic-BB),Ag,Rakic-BB,main/Ag/nk/Rakic-BB.yml,553.2888312387837,13.758686180378929,0.6913252756156385,0.0077374388208732965,0.09853007125916147,True,0.6981934643086195,0.0454295455173003,5.176158905029297
Ti (Werner),Ti,Werner,main/Ti/nk/Werner.yml,596.304000159147,11.43421006449183,0.550156705280255,0.446943492174046,0.03860045542115709,False,0.550156705280255,0.47578616869592705,1.848313808441162
V-Ga (Golovashkin-78K),V-Ga,Golovashkin-78K,other/alloys/V-Ga/nk/Golovashkin-78K.yml,2.7998041934082525,0.47111320256257844,0.550156705280255,0.2936444389471184,0.03860045542115709,False,0.550156705280255,0.29688499643132205,1.601271152496338
Pd-H (Palm),Pd-H,Palm,other/alloys/Pd-H/nk/Palm.yml,12.152919171449707,0.6753266930025645,0.550156705280255,0.30718309180291387,0.04399132367667158,False,0.550156705280255,0.3094519261615119,1.5852909088134766
Cu (Werner),Cu,Werner,main/Cu/nk/Werner.yml,176.58980422880572,3.9709162897458676,0.550156705280255,0.5814064409069933,0.0494818255960594,False,0.550156705280255,0.5886970584466875,1.6773796081542969
Ni (Werner),Ni,Werner,main/Ni/nk/Werner.yml,135.94995399277974,2.3921227314841245,0.550156705280255,0.62177059831203,0.0494818255960594,False,0.550156705280255,0.624769076710525,1.6343843936920166
Au-Ag (Rioux-Au0Ag100),Au-Ag,Rioux-Au0Ag100,other/alloys/Au-Ag/nk/Rioux-Au0Ag100.yml,2241.5855151655765,63.67106890571895,0.665290039813889,0.31978454013001617,0.05018067284133032,False,0.665290039813889,0.11024545626675689,1.62957763671875
Bi (Werner),Bi,Werner,main/Bi/nk/Werner.yml,801.9270742354837,12.879530364108211,0.5643054482264428,0.3526443086151099,0.05507474907617549,False,0.5679570799577585,0.39521129534758986,1.695096492767334
Ni (Johnson),Ni,Johnson,main/Ni/nk/Johnson.yml,22.407204640138055,0.895528108533266,0.550156705280255,0.3596481851959157,0.05507474907617549,False,0.550156705280255,0.36292249990703085,1.8075346946716309
Pd (Werner),Pd,Werner,main/Pd/nk/Werner.yml,2025.1828207295343,24.755296654849122,0.550156705280255,0.5601066700441227,0.05507474907617549,False,0.550156705280255,0.5696933104226638,1.644407033920288
Ti (Johnson),Ti,Johnson,main/Ti/nk/Johnson.yml,2.4834989687138656,0.48074987975886935,0.550156705280255,0.27349555819219584,0.05507474907617549,False,0.550156705280255,0.2769409273424472,1.7236371040344238
W (Werner),W,Werner,main/W/nk/Werner.yml,359.14833880697967,4.286516048737132,0.550156705280255,0.5750813900285712,0.05507474907617549,False,0.550156705280255,0.5785829097650931,1.835514783859253
Fe (Querry),Fe,Querry,main/Fe/nk/Querry.yml,3.5542962966238147,0.6435119481802206,0.949592073269206,0.2943835259856421,0.058898928005057805,False,0.949592073269206,0.29845030312973336,1.6975460052490234
Co (Werner),Co,Werner,main/Co/nk/Werner.yml,369.22997567550664,5.983123000770167,0.550156705280255,0.6677632573932385,0.060772987005771384,False,0.550156705280255,0.6691091075234108,1.6560640335083008
NbSe2 (Munkhbat-o),NbSe2,Munkhbat-o,main/NbSe2/nk/Munkhbat-o.yml,,,0.550156705280255,0.18958719222322928,0.060772987005771384,False,0.550156705280255,0.19168716669538438,1.7154228687286377
Co (Johnson),Co,Johnson,main/Co/nk/Johnson.yml,16.8875994863349,0.7380338948253993,0.550156705280255,0.35593926470025583,0.06657954225495066,False,0.550156705280255,0.35957738512760473,1.715059757232666
TiN (Shkondin-700),TiN,Shkondin-700,main/TiN/nk/Shkondin-700.yml,10.541282056003082,0.9021880290954485,0.550156705280255,0.1704089780181064,0.06657954225495066,False,0.550156705280255,0.17002303524115167,1.7914471626281738
Pt (Werner),Pt,Werner,main/Pt/nk/Werner.yml,677.9916078443999,6.974177696636477,0.550156705280255,0.779016299600064,0.06657954225495066,False,0.550156705280255,0.7786276008010763,1.9268646240234375
ZrTe5 (Guo-α),ZrTe5,Guo-α,main/ZrTe5/nk/Guo-alpha.yml,2.484831192033986,0.5574657391304232,0.550156705280255,0.1998574764834723,0.06657954225495066,False,0.550156705280255,0.19940207357723647,1.6460068225860596
Nb (Golovashkin-78K),Nb,Golovashkin-78K,main/Nb/nk/Golovashkin-78K.yml,34.36824700713846,1.6834853204487679,0.949592073269206,0.20118968775491602,0.06672185249099782,False,0.949592073269206,0.21230042188842807,1.6343374252319336
Mn (Johnson),Mn,Johnson,main/Mn/nk/Johnson.yml,3.2154359744449232,0.3785919568755312,0.550156705280255,0.28352781933071514,0.07249753295188655,False,0.550156705280255,0.28668664035219,1.6145062446594238
Na (Smith),Na,Smith,main/Na/nk/Smith.yml,628.2293055508144,35.103128443228066,0.949592073269206,0.6199864269521969,0.07440855649168865,False,0.949592073269206,0.49680158148134984,1.6636369228363037
Na (Inagaki),Na,Inagaki,main/Na/nk/Inagaki.yml,804.1475762647515,41.060606240376636,0.949592073269206,0.6192437470555242,0.07440855649168865,False,0.949592073269206,0.4745719416077665,1.7221951484680176
Na (Inagaki-liquid),Na,Inagaki-liquid,main/Na/nk/Inagaki-liquid.yml,459.1354582697707,42.081488243716706,0.949592073269206,0.5401174888853884,0.07440855649168865,False,0.949592073269206,0.4404520045762619,1.7771859169006348
Nb (Golovashkin-4.2K),Nb,Golovashkin-4.2K,main/Nb/nk/Golovashkin-4.2K.yml,38.74152700945871,1.8125023025257445,0.949592073269206,0.19608140512295347,0.07440855649168865,False,0.949592073269206,0.207516634366323,1.6649959087371826
Ta (Werner-DFT),Ta,Werner-DFT,main/Ta/nk/Werner-DFT.yml,117.37445089987901,3.446033619975113,0.550156705280255,0.21230353042711803,0.07853019806628436,False,0.550156705280255,0.21328717090032454,1.6290333271026611
MoOCl2 (Ermolaev-alpha),MoOCl2,Ermolaev-alpha,main/MoOCl2/nk/Ermolaev-alpha.yml,51.555841161253944,3.294419231663056,0.949592073269206,0.15641010766840796,0.08140678525202005,False,0.949592073269206,0.16947753634552898,1.7000510692596436
Nb (Golovashkin-293K),Nb,Golovashkin-293K,main/Nb/nk/Golovashkin-293K.yml,27.61955875210724,1.297465217988276,0.949592073269206,0.25434069455843733,0.08140678525202005,False,0.949592073269206,0.2627805140102668,1.671828031539917
TaSe2 (Munkhbat-o),TaSe2,Munkhbat-o,main/TaSe2/nk/Munkhbat-o.yml,,,0.949592073269206,0.3420669296400986,0.08140678525202005,False,0.949592073269206,0.33960767471005116,1.7482056617736816
TiH2 (Palm),TiH2,Palm,main/TiH2/nk/Palm.yml,0.49825206449066717,0.19506524831240019,0.550156705280255,0.2704318596037835,0.08468090332059641,False,0.550156705280255,0.27130388567524877,1.7306063175201416
Mg (Palm),Mg,Palm,main/Mg/nk/Palm.yml,141.70710129904566,6.3662006505909785,0.550156705280255,0.6510484310342562,0.08468090332059641,False,0.550156705280255,0.6534672638463837,1.6918625831604004
V (Johnson),V,Johnson,main/V/nk/Johnson.yml,1.4375147260514998,0.2944796786563754,0.550156705280255,0.1267769657842193,0.08468090332059641,False,0.550156705280255,0.13162734100768922,2.023332357406616
V (Werner),V,Werner,main/V/nk/Werner.yml,1572.4871996054858,18.721524349661742,0.550156705280255,0.6116947819110244,0.08468090332059641,False,0.550156705280255,0.6160343816578175,2.009941816329956
TiN (Shkondin-800),TiN,Shkondin-800,main/TiN/nk/Shkondin-800.yml,17.449819857543716,1.2001479702237539,0.949592073269206,0.2121562857823689,0.08767560475922753,False,0.949592073269206,0.2214073169519387,1.7559070587158203
Fe (Johnson),Fe,Johnson,main/Fe/nk/Johnson.yml,1.6270337847888336,0.26982765705037737,0.550156705280255,0.20669373424659712,0.09098789749405323,False,0.550156705280255,0.21005752032427696,1.7066433429718018
VN (Pfluger),VN,Pfluger,main/VN/nk/Pfluger.yml,,,0.550156705280255,0.23328316533784763,0.09098789749405323,False,0.550156705280255,0.234474832360771,1.645681619644165
Mg (Hagemann),Mg,Hagemann,main/Mg/nk/Hagemann.yml,310.4150607308523,9.928815845029831,0.949592073269206,0.7882438660083342,0.09385454396814219,False,0.949592073269206,0.7899129100326764,1.631136417388916
Ag (Werner),Ag,Werner,main/Ag/nk/Werner.yml,659.7065554532358,11.404265925945559,0.6052314543564304,0.3093554899571974,0.09838430208231363,False,0.6109296922860263,0.34477148232812055,5.639522552490234
Ag (Hagemann),Ag,Hagemann,main/Ag/nk/Hagemann.yml,661.095379796247,13.005419695455084,0.6226542382321415,0.22312334743847823,0.10116404390013789,False,0.6286869033465393,0.2635987555541379,5.555357217788696
Au (Lemarchand-11.7nm),Au,Lemarchand-11.7nm,main/Au/nk/Lemarchand-11.7nm.yml,366.7702281875602,8.286338691278914,0.7045863699651128,0.10416393180556688,0.10123374274189889,False,0.7045863699651128,0.14097773851598383,1.524188756942749
Ag (Ciesielski-Ge),Ag,Ciesielski-Ge,main/Ag/nk/Ciesielski-Ge.yml,377.2204293605601,8.94402167538094,0.6780578324711802,0.12430561063306908,0.10268631123705818,False,0.6780578324711802,0.1636909377373119,5.3631370067596436
Au-Ag (Rioux-Au50Ag50),Au-Ag,Rioux-Au50Ag50,other/alloys/Au-Ag/nk/Rioux-Au50Ag50.yml,295.74451491333497,7.036480792104159,0.6716132606716819,0.16170429980845452,0.10268631123705818,False,0.6780578324711802,0.20063436626237965,1.6477885246276855
Os (Nemoshkalenko-e),Os,Nemoshkalenko-e,main/Os/nk/Nemoshkalenko-e.yml,25.378231335768916,0.9342352651861006,0.550156705280255,0.11926422859925594,0.10283748884359445,False,0.550156705280255,0.12424709823504484,1.856492042541504
Au-Ag (Rioux-Au70Ag30),Au-Ag,Rioux-Au70Ag30,other/alloys/Au-Ag/nk/Rioux-Au70Ag30.yml,322.7993697831129,7.481430155052761,0.6846272823846777,0.1407698386278671,0.10301159363209778,False,0.6846272823846777,0.17696924665100336,1.673886775970459
Au-Ag (Rioux-Au60Ag40),Au-Ag,Rioux-Au60Ag40,other/alloys/Au-Ag/nk/Rioux-Au60Ag40.yml,298.6952695724115,6.999614217620387,0.6780578324711802,0.16119289143703638,0.10301159363209778,False,0.6780578324711802,0.1991022047954424,1.6154520511627197
Fe (Werner),Fe,Werner,main/Fe/nk/Werner.yml,121.65681509251854,2.320550168902137,0.949592073269206,0.5710590881381643,0.10595040424568158,False,0.949592073269206,0.574460765822132,1.704073190689087
TiN (Shkondin-900),TiN,Shkondin-900,main/TiN/nk/Shkondin-900.yml,18.067196203366258,1.2140900044667868,0.949592073269206,0.20891385050850797,0.10595040424568158,False,0.949592073269206,0.21860676573064222,1.7353615760803223
Au (Rakic-LD),Au,Rakic-LD,main/Au/nk/Rakic-LD.yml,410.9723940122448,11.679688584609197,0.7672802616163417,0.0037520912431835748,0.10839577632019226,False,0.7672802616163417,0.0298991499765499,1.609116554260254
Cr (Johnson),Cr,Johnson,main/Cr/nk/Johnson.yml,1.4875366508938912,0.37388931629631506,0.550156705280255,0.20614303828915595,0.10892806903922925,False,0.550156705280255,0.2101950140987949,1.6233351230621338
Pt (Rakic-LD),Pt,Rakic-LD,main/Pt/nk/Rakic-LD.yml,11.076946421011591,0.6192034902744366,0.550156705280255,0.3430579803821758,0.10892806903922925,False,0.550156705280255,0.346535154230828,1.641535997390747
Rh (Weaver),Rh,Weaver,main/Rh/nk/Weaver.yml,46.30342780409898,1.6458938138969588,0.550156705280255,0.4579459557182782,0.10892806903922925,False,0.550156705280255,0.46214226216093435,1.6574535369873047
ZrTe5 (Guo-γ),ZrTe5,Guo-γ,main/ZrTe5/nk/Guo-gamma.yml,1.3291788889212857,0.35309957989841495,0.550156705280255,0.22202744405445202,0.10892806903922925,False,0.550156705280255,0.22201012264000952,1.7124114036560059
AuAl2 (Supansomboon),AuAl2,Supansomboon,other/intermetallics/AuAl2/nk/Supansomboon.yml,22.25886559579817,1.8467875587826716,0.550156705280255,0.21448258978992374,0.10892806903922925,False,0.550156705280255,0.21374911974665908,1.6699786186218262
Cu (Rakic-LD),Cu,Rakic-LD,main/Cu/nk/Rakic-LD.yml,524.4527945463626,12.702481343305243,0.7110974288732093,0.06500692708724698,0.10908063285120873,False,0.717729947135141,0.09755837888587422,1.5742592811584473
Pb (Golovashkin-4.2K),Pb,Golovashkin-4.2K,main/Pb/nk/Golovashkin-4.2K.yml,76.70998997538906,3.287653953959163,0.9407054878851139,0.11329170877007629,0.11187100295214625,False,0.949592073269206,0.12768951625403668,1.5382685661315918
TaS2 (Munkhbat-o),TaS2,Munkhbat-o,main/TaS2/nk/Munkhbat-o.yml,,,0.949592073269206,0.14929376122150353,0.11187100295214625,False,0.949592073269206,0.14862219413335684,1.6597514152526855
Au (Werner-DFT),Au,Werner-DFT,main/Au/nk/Werner-DFT.yml,356.7696802251857,8.974267247122851,0.7672802616163417,0.0810503324702209,0.11502829458212405,False,0.7743706726650977,0.10857410475426724,1.6447668075561523
Bi (Hagemann),Bi,Hagemann,main/Bi/nk/Hagemann.yml,2.157401740444866,0.38602548324426417,0.550156705280255,0.29642578728545127,0.11513333453363406,False,0.550156705280255,0.2983546305555041,1.7814898490905762
Fe (Werner-DFT),Fe,Werner-DFT,main/Fe/nk/Werner-DFT.yml,9.633711849038693,0.8061698986108581,0.550156705280255,0.18933920761445303,0.11513333453363406,False,0.550156705280255,0.19367136045962918,1.7215306758880615
Pt (Rakic-BB),Pt,Rakic-BB,main/Pt/nk/Rakic-BB.yml,11.152294995581629,0.6212735729502881,0.550156705280255,0.34459723882416027,0.11513333453363406,False,0.550156705280255,0.34808942740370874,1.5750792026519775
Mo (Werner),Mo,Werner,main/Mo/nk/Werner.yml,446.20289872424183,6.534964933812247,0.949592073269206,0.7876748747237027,0.11770908036411731,False,0.949592073269206,0.7895473994679522,1.6202468872070312
Pb (Golovashkin-78K),Pb,Golovashkin-78K,main/Pb/nk/Golovashkin-78K.yml,69.3985907957148,2.86058387943372,0.931983687390233,0.1518562229466613,0.11770908036411731,False,0.9407054878851139,0.16508916347198216,1.5695481300354004
Zn (Werner),Zn,Werner,main/Zn/nk/Werner.yml,106.94690230490245,2.933828460901528,0.9234221304543975,0.6280134642284023,0.11770908036411731,False,0.8828702207782082,0.6304728514090157,1.6413111686706543
Au (Ciesielski-Ge),Au,Ciesielski-Ge,main/Au/nk/Ciesielski-Ge.yml,279.62646933881626,6.239053320890583,0.6919155247112906,0.18995703449428963,0.11917391428707491,False,0.6981934643086195,0.22181531796045545,1.599804162979126
Mo (Kirillova),Mo,Kirillova,main/Mo/nk/Kirillova.yml,4.138284345743506,0.439254544229879,0.550156705280255,0.19637355487713257,0.12145655539142697,False,0.550156705280255,0.20088540230978333,1.769831895828247
Au (Lemarchand-5.77nm),Au,Lemarchand-5.77nm,main/Au/nk/Lemarchand-5.77nm.yml,263.66157078889864,5.977928485183366,0.7110974288732093,0.18844130668525588,0.12250857616642119,False,0.717729947135141,0.21744285850637649,1.597083568572998
Cu-Zn (Querry-Cu90Zn10),Cu-Zn,Querry-Cu90Zn10,other/alloys/Cu-Zn/nk/Querry-Cu90Zn10.yml,322.69604906976224,9.193002117677622,0.7603185170613831,0.03338874042571544,0.1272966229399759,False,0.7672802616163417,0.06192597584154135,1.6744942665100098
Au (Werner),Au,Werner,main/Au/nk/Werner.yml,403.80662191004893,6.373626025320281,0.6052314543564304,0.4240672058294926,0.12790112719092528,False,0.6109296922860263,0.4444125670655014,1.6041624546051025
Ni-Fe (Tikuisis_bare150nm),Ni-Fe,Tikuisis_bare150nm,other/alloys/Ni-Fe/nk/Tikuisis_bare150nm.yml,7.992425824940844,0.5321940596384075,0.550156705280255,0.32653999953541063,0.12790112719092528,False,0.550156705280255,0.33001358969150263,1.5918512344360352
V-Ga (Golovashkin-293K),V-Ga,Golovashkin-293K,other/alloys/V-Ga/nk/Golovashkin-293K.yml,2.2306268280208785,0.4010467474953935,0.550156705280255,0.28246905395320515,0.12790112719092528,False,0.550156705280255,0.285805064426506,1.6328542232513428
Au (Lemarchand-4.62nm),Au,Lemarchand-4.62nm,main/Au/nk/Lemarchand-4.62nm.yml,259.6791090802953,5.729779831885473,0.7110974288732093,0.22064208592486018,0.128599156362056,False,0.7110974288732093,0.24578172586948419,1.624131202697754
stainless_steel (Karlsson-ferritic),stainless_steel,Karlsson-ferritic,other/alloys/stainless steel/nk/Karlsson-ferritic.yml,5.437670273104316,0.7276019710018137,0.949592073269206,0.29691310876728877,0.1291444775293853,False,0.949592073269206,0.30149592052968327,1.7048475742340088
Os (Nemoshkalenko-o),Os,Nemoshkalenko-o,main/Os/nk/Nemoshkalenko-o.yml,3.64640164286322,0.5322326755154623,0.6052314543564304,0.019688240670403725,0.13447057710442278,False,0.6052314543564304,0.025204054184342274,1.662564992904663
In (Golovashkin-295K),In,Golovashkin-295K,main/In/nk/Golovashkin-295K.yml,115.5930775928022,3.282674772036475,0.849646551137463,0.6299648189745884,0.13770845476868765,False,0.849646551137463,0.6323388166893893,1.7112088203430176
Au (Hagemann),Au,Hagemann,main/Au/nk/Hagemann.yml,335.675737588365,8.051923357895966,0.7313732145835975,0.17370658534685868,0.13880302037181858,False,0.7313732145835975,0.20046826319031408,1.5684583187103271
Pb (Mathewson-140K),Pb,Mathewson-140K,main/Pb/nk/Mathewson-140K.yml,86.5275872776093,2.4783471635773844,0.5754039810720819,0.20296353616411542,0.14116857033538355,False,0.5754039810720819,0.20719048215187674,1.6479871273040771
Pt (Werner-DFT),Pt,Werner-DFT,main/Pt/nk/Werner-DFT.yml,28.127382118414598,0.9260318708012837,0.550156705280255,0.4182649000211329,0.14116857033538355,False,0.550156705280255,0.4225043010956279,1.6567206382751465
V (Werner-DFT),V,Werner-DFT,main/V/nk/Werner-DFT.yml,15.941841729214627,1.1162951150180118,0.550156705280255,0.1531007637126313,0.14175881943103563,False,0.550156705280255,0.1576000560361504,1.8574676513671875
Cu (Ordal),Cu,Ordal,main/Cu/nk/Ordal.yml,249.39459635088426,6.0068924404967605,0.7110974288732093,0.1866789663592068,0.1419368820132828,False,0.7110974288732093,0.21528721313234164,1.5544593334197998
Cu-Zn (Querry-Cu70Zn30),Cu-Zn,Querry-Cu70Zn30,other/alloys/Cu-Zn/nk/Querry-Cu70Zn30.yml,207.50255818650407,5.377719688877331,0.717729947135141,0.18805664512496212,0.14500828586622339,False,0.7244873553605963,0.21434465086815466,1.6599996089935303
Cu (Querry),Cu,Querry,main/Cu/nk/Querry.yml,229.388802008189,6.505906439180218,0.7528391989226548,0.08156182874906155,0.14544820471490494,False,0.7534819682123203,0.11329666337961666,1.635164737701416
Pb (Golovashkin-293K),Pb,Golovashkin-293K,main/Pb/nk/Golovashkin-293K.yml,47.392649118467,1.7969580159712992,0.9150164411019832,0.2671334658323921,0.14549901308349844,False,0.9150164411019832,0.2761055111005365,1.5443286895751953
In2O3-SnO2 (Minenkov-glass),In2O3-SnO2,Minenkov-glass,other/mixed crystals/In2O3-SnO2/nk/Minenkov-glass.yml,,,0.949592073269206,0.787509264096001,0.14549901308349844,False,0.949592073269206,0.7875641527774173,1.7062432765960693
Be (Rakic-BB),Be,Rakic-BB,main/Be/nk/Rakic-BB.yml,0.584590560765291,0.18872201352174195,0.550156705280255,0.18449759446474265,0.14803675902836455,False,0.550156705280255,0.18856145774343955,1.6421329975128174
Be (Rakic-LD),Be,Rakic-LD,main/Be/nk/Rakic-LD.yml,0.7180600913271834,0.1695824050867195,0.550156705280255,0.18240971493017208,0.14803675902836455,False,0.550156705280255,0.18653219866939186,1.6341142654418945
K (Smith),K,Smith,main/K/nk/Smith.yml,335.3847297858516,37.409402244071224,0.5996385308763144,0.9376626475345028,0.14803675902836455,False,0.7743706726650977,0.8106052851327068,1.75162672996521
TiN (Shkondin),TiN,Shkondin,main/TiN/nk/Shkondin.yml,6.39558617576525,0.7293152413937025,0.5996385308763144,0.10148873577643208,0.14803675902836455,False,0.5996385308763144,0.10151123174508601,1.8137359619140625
Au (Yakubovsky-9nm),Au,Yakubovsky-9nm,main/Au/nk/Yakubovsky-9nm.yml,267.3447032859976,7.42763520482628,0.7603185170613831,0.08012865733818608,0.15309378793238204,False,0.7603185170613831,0.10764442465051641,1.6819179058074951
Bi (Werner-DFT),Bi,Werner-DFT,main/Bi/nk/Werner-DFT.yml,266.46703259527135,10.334643487949696,0.8619164685099785,0.03688244826542415,0.15314148133869,False,0.8619164685099785,0.03129571462149605,1.9148962497711182
Ca (Mathewson),Ca,Mathewson,main/Ca/nk/Mathewson.yml,117.31487362254127,5.199795382388047,0.9067624012538816,0.004152316096591885,0.15314148133869,False,0.9150164411019832,0.021400483878317268,1.7093098163604736
Ta (Werner),Ta,Werner,main/Ta/nk/Werner.yml,394.73705698901847,4.695296056708516,0.550156705280255,0.5795321695387905,0.15442966468485786,False,0.550156705280255,0.5832332034423751,1.721707820892334
W (Rakic-BB),W,Rakic-BB,main/W/nk/Rakic-BB.yml,0.30340393348995837,0.12232651738919108,0.550156705280255,0.15079149705434222,0.15442966468485786,False,0.550156705280255,0.15485796699714605,1.7696545124053955
Au (Lemarchand-3.96nm),Au,Lemarchand-3.96nm,main/Au/nk/Lemarchand-3.96nm.yml,178.97503620762848,4.508812347077344,0.7455452201889894,0.2455996323118283,0.15966323784587955,False,0.7528391989226548,0.26522731796889704,1.582484245300293
In (Mathewson-298K),In,Mathewson-298K,main/In/nk/Mathewson-298K.yml,85.4797474676454,3.2411900877768156,0.9150164411019832,0.5736308490436822,0.1606400423260953,False,0.9150164411019832,0.5766901665461003,1.6301085948944092
Li (Rasigni),Li,Rasigni,main/Li/nk/Rasigni.yml,139.92107613775775,6.640684826873702,0.9067624012538816,0.0018212070003761696,0.1606400423260953,False,0.9150164411019832,0.013269716440602123,1.8691494464874268
Ni (Rakic-BB),Ni,Rakic-BB,main/Ni/nk/Rakic-BB.yml,11.210805066188078,0.6384085651170633,0.949592073269206,0.3230693045375839,0.1606400423260953,False,0.949592073269206,0.32819796091439857,1.627615213394165
Ni (Rakic-LD),Ni,Rakic-LD,main/Ni/nk/Rakic-LD.yml,10.795638959452633,0.6406760536504258,0.949592073269206,0.3226419666690375,0.1606400423260953,False,0.949592073269206,0.3277292110670013,1.6718668937683105
Li (Mathewson-140K),Li,Mathewson-140K,main/Li/nk/Mathewson-140K.yml,365.6082880050173,14.068985780113252,0.8436416690235244,0.08419384113194314,0.16633481522001614,False,0.849646551137463,0.06098817857358879,1.8596107959747314
Al (Hagemann),Al,Hagemann,main/Al/nk/Hagemann.yml,349.1834724526949,5.2443115237037565,0.8261257234553333,0.5599113375824778,0.16728272908592823,False,0.8261257234553333,0.5633995578986821,2.1266746520996094
W (Rakic-LD),W,Rakic-LD,main/W/nk/Rakic-LD.yml,0.3611871235418255,0.13124815119634375,0.550156705280255,0.1550411307135717,0.1675732418548861,False,0.550156705280255,0.1590265783604744,1.655353307723999
W (Werner-DFT),W,Werner-DFT,main/W/nk/Werner-DFT.yml,2.997210492432275,0.3538890794965523,0.550156705280255,0.13572885853201444,0.1675732418548861,False,0.550156705280255,0.14052454395471078,1.7033278942108154
TiN (Pfluger),TiN,Pfluger,main/TiN/nk/Pfluger.yml,10.276196353881476,0.807586148836359,0.949592073269206,0.2633106968646715,0.16799872278330064,False,0.949592073269206,0.26967575749943823,1.9835405349731445
NbSe2 (Munkhbat-e),NbSe2,Munkhbat-e,main/NbSe2/nk/Munkhbat-e.yml,,,0.949592073269206,0.555915964365737,0.16799872278330064,False,0.949592073269206,0.5541089807112509,1.7141895294189453
Ti (Rakic-BB),Ti,Rakic-BB,main/Ti/nk/Rakic-BB.yml,13.363710527210257,2.2614441990985163,0.949592073269206,0.2899072061217727,0.16799872278330064,False,0.949592073269206,0.293282998863991,1.789140224456787
In2O3-SnO2 (Minenkov-wafer-bottom),In2O3-SnO2,Minenkov-wafer-bottom,other/mixed crystals/In2O3-SnO2/nk/Minenkov-wafer-bottom.yml,,,0.949592073269206,0.5711614933810724,0.16799872278330064,False,0.949592073269206,0.5710835354621665,1.9940946102142334
Al (Rakic-LD),Al,Rakic-LD,main/Al/nk/Rakic-LD.yml,253.88541885426915,5.880612951237504,0.8261257234553333,0.5953329333423696,0.16947122091299383,False,0.8261257234553333,0.5985909758014714,1.8780686855316162
W (Weaver),W,Weaver,main/W/nk/Weaver.yml,0.3375911571034888,0.12927611996283644,0.550156705280255,0.14882647538015575,0.17433065008034132,False,0.550156705280255,0.1529050698945548,1.7306244373321533
In (Mathewson-140K),In,Mathewson-140K,main/In/nk/Mathewson-140K.yml,93.9042757850106,4.130009391784324,0.8906931452641482,0.5651336445286088,0.1752214006041083,False,0.8828702207782082,0.568016753483567,1.6429808139801025
In (Golovashkin-4.2K),In,Golovashkin-4.2K,main/In/nk/Golovashkin-4.2K.yml,116.33522083633392,3.3073587938160114,0.8986559436695257,0.5840870541696997,0.1752214006041083,False,0.8986559436695257,0.5867309915121377,1.7222745418548584
Bi2Te3 (Ermolaev),Bi2Te3,Ermolaev,main/Bi2Te3/nk/Ermolaev.yml,7.283217692906058,0.7367972791297445,0.949592073269206,0.263517476440682,0.1752214006041083,False,0.949592073269206,0.2682161515325775,1.6459717750549316
Al (Rakic-BB),Al,Rakic-BB,main/Al/nk/Rakic-BB.yml,244.78065199066506,5.899058180184272,0.8204475957398207,0.594174085244426,0.17662521858194324,False,0.8204475957398207,0.5974533713094042,1.8048145771026611
Pt (Tselin),Pt,Tselin,main/Pt/nk/Tselin.yml,32.77329126183104,0.9558231670847701,0.550156705280255,0.4208709844971916,0.18121650930334254,False,0.550156705280255,0.42508768563223553,1.6815199851989746
Al2O3 (Querry),Al2O3,Querry,main/Al2O3/nk/Querry.yml,236.4933413813604,5.356754430228764,0.8318829929050887,0.572064707229582,0.18227504589328536,False,0.8318829929050887,0.5753476913091663,1.6317646503448486
Li (Mathewson-298K),Li,Mathewson-298K,main/Li/nk/Mathewson-298K.yml,285.63868353903064,11.354965089550108,0.8436416690235244,0.04390559803351013,0.18231181165286436,False,0.849646551137463,0.035660520492247154,1.6876614093780518
Li (Inagaki),Li,Inagaki,main/Li/nk/Inagaki.yml,262.60255108308365,10.477957636399397,0.8557375293010638,0.03031160753211593,0.18231181165286436,False,0.8557375293010638,0.027500525130440438,1.8606534004211426
Cu-Zn (Querry-Cu85Zn15),Cu-Zn,Querry-Cu85Zn15,other/alloys/Cu-Zn/nk/Querry-Cu85Zn15.yml,174.82572361166166,5.863586523624028,0.8040930601857076,0.04620628664699502,0.18364322651838572,False,0.8118836185005184,0.07111052616200413,1.5499801635742188
Al (Cheng),Al,Cheng,main/Al/nk/Cheng.yml,233.60052891274356,6.5661077349619985,0.8436416690235244,0.5811770403296481,0.1850309079343575,False,0.8436416690235244,0.5842059436227631,4.860668897628784
Ti (Mash),Ti,Mash,main/Ti/nk/Mash.yml,1.1515243419595176,0.35005402444866274,0.550156705280255,0.27574272213202433,0.18823451723978502,False,0.550156705280255,0.278089582284494,1.6541264057159424
Ni-Fe (Tikuisis_gold10nm),Ni-Fe,Tikuisis_gold10nm,other/alloys/Ni-Fe/nk/Tikuisis_gold10nm.yml,4.265737934483012,0.5289356936280234,0.550156705280255,0.31443266718650725,0.18823451723978502,False,0.550156705280255,0.3179406681693558,1.6782646179199219
TiN (Beliaev-sputtering),TiN,Beliaev-sputtering,main/TiN/nk/Beliaev-sputtering.yml,52.65485933723506,2.116284958951773,0.8745459633205493,0.19787736265751868,0.18927355620782293,False,0.8751835167775174,0.2121555015173651,1.777768611907959
Al (McPeak),Al,McPeak,main/Al/nk/McPeak.yml,263.5226938727453,6.40032340085409,0.8318829929050887,0.5672348444957204,0.19052908574138694,False,0.8318829929050887,0.5705863437283533,2.197103261947632
Ni-Fe (Tikuisis_gold150nm),Ni-Fe,Tikuisis_gold150nm,other/alloys/Ni-Fe/nk/Tikuisis_gold150nm.yml,5.887917923688062,0.5967267073242433,0.6529941941238494,0.33388312099790635,0.19187628054425976,False,0.550156705280255,0.3376480790470864,1.630382776260376
Mo (Werner-DFT),Mo,Werner-DFT,main/Mo/nk/Werner-DFT.yml,9.217097873197947,0.6282608325905386,0.5996385308763144,0.177403113114937,0.19538851490873443,False,0.6052314543564304,0.18240463154605044,1.8260891437530518
Al (Mathewson),Al,Mathewson,main/Al/nk/Mathewson.yml,270.9784850829672,3.6813378388965154,0.8261257234553333,0.5506438794644872,0.19566497238067238,False,0.8261257234553333,0.5542018435809617,1.8770933151245117
Au (Yakubovsky-4nm),Au,Yakubovsky-4nm,main/Au/nk/Yakubovsky-4nm.yml,75.72730795657482,2.9172795135308234,0.9067624012538816,0.16090251409482573,0.19611010505688575,False,0.9150164411019832,0.17574356352101778,1.6695921421051025
Au (Yakubovsky-6nm),Au,Yakubovsky-6nm,main/Au/nk/Yakubovsky-6nm.yml,150.48691939296498,5.2067274033401,0.8436416690235244,0.06213192191747402,0.19611010505688575,False,0.849646551137463,0.08571764709978201,1.6354382038116455
Ti3C2 (Panova),Ti3C2,Panova,main/Ti3C2/nk/Panova.yml,,,0.550156705280255,0.06327565738755785,0.20268249364239987,False,0.550156705280255,0.0634139377555452,1.8458445072174072
Pb (Werner-DFT),Pb,Werner-DFT,main/Pb/nk/Werner-DFT.yml,92.45253088130808,2.784945102821907,0.6167362475352056,0.2844217995284276,0.20268249364239987,False,0.6167362475352056,0.28849656014969116,1.8062796592712402
Pb (Werner),Pb,Werner,main/Pb/nk/Werner.yml,283.2116669768039,6.447571055708778,0.6226542382321415,0.7126068636763597,0.20271439360411314,False,0.6226542382321415,0.7148121453074894,1.7996935844421387
Ni-Fe (Tikuisis_bare10nm),Ni-Fe,Tikuisis_bare10nm,other/alloys/Ni-Fe/nk/Tikuisis_bare10nm.yml,6.165964681011995,0.6289312861394006,0.550156705280255,0.31770043184678637,0.20332526293206532,False,0.550156705280255,0.3219874862893099,1.5993564128875732
Al (Rakic),Al,Rakic,main/Al/nk/Rakic.yml,281.43768233515635,5.667738221779838,0.8198266133547447,0.5976771062706281,0.20391901222877395,False,0.8198266133547447,0.6009440059375218,4.999028205871582
Rb (Smith),Rb,Smith,main/Rb/nk/Smith.yml,98.81269519206344,14.394871326871504,0.665290039813889,0.8646887098553879,0.20665216414408794,False,0.8751835167775174,0.7700505415058256,1.7093267440795898
Pd (Werner-DFT),Pd,Werner-DFT,main/Pd/nk/Werner-DFT.yml,27.582377601243067,0.9906289298325777,0.5941480289569265,0.4194314788199565,0.22421396738484278,False,0.550156705280255,0.42359802864156426,1.7773003578186035
VO2 (Beaini-100C),VO2,Beaini-100C,main/VO2/nk/Beaini-100C.yml,,,0.8986559436695257,0.05585035871952209,0.22510471790860975,False,0.8986559436695257,0.05553629088612023,1.7462420463562012
Mo (Querry),Mo,Querry,main/Mo/nk/Querry.yml,3.322717661104661,0.31794903740020997,0.5607004722371706,0.13160801906744823,0.23143664520565044,False,0.5607004722371706,0.13698706276791792,1.8068268299102783
Pd (Johnson),Pd,Johnson,main/Pd/nk/Johnson.yml,31.460146768325227,1.0611755869944772,0.8906931452641482,0.39400888452426386,0.23849464439599677,False,0.8906931452641482,0.3986846403218423,1.7079858779907227
Ti (Rakic-LD),Ti,Rakic-LD,main/Ti/nk/Rakic-LD.yml,5.3066634651091515,1.183307527186168,0.949592073269206,0.2902581830346672,0.23849464439599677,False,0.949592073269206,0.2935227702347279,1.843026876449585
ProSQ-C16 (Bernhardt-SS-RR-o),ProSQ-C16,Bernhardt-SS-RR-o,organic/C50H80N2O4 - ProSQ-C16/nk/Bernhardt-RR-SS-o.yml,1.5436276592453904,0.5772957265491294,0.5607004722371706,0.07319813519091584,0.24629388665026108,False,0.5607004722371706,0.07342567153999047,1.7735552787780762
VO2 (Oguntoye-70C),VO2,Oguntoye-70C,main/VO2/nk/Oguntoye-70C.yml,,,0.8828702207782082,0.016055657006880716,0.2513986089605865,False,0.8828702207782082,0.0162670498067701,1.9108242988586426
VO2 (Oguntoye-80C),VO2,Oguntoye-80C,main/VO2/nk/Oguntoye-80C.yml,,,0.8751835167775174,0.014930560011181895,0.2513986089605865,False,0.8751835167775174,0.015159885578213326,1.700059413909912
Ir (Schmitt-MS),Ir,Schmitt-MS,main/Ir/nk/Schmitt-MS.yml,26.446767644661108,0.7582925477894199,0.550156705280255,0.38603156082124834,0.25393635490545263,False,0.550156705280255,0.3905497725425945,1.7286498546600342
Ir (Schmitt-ALD),Ir,Schmitt-ALD,main/Ir/nk/Schmitt-ALD.yml,30.99803681978188,0.8046641300390972,0.550156705280255,0.39057766618356254,0.26966990807448976,False,0.550156705280255,0.3950669062351515,1.7747385501861572
Cs (Smith),Cs,Smith,main/Cs/nk/Smith.yml,18.47291009645629,3.5649639924620082,0.949592073269206,0.6357933308730231,0.2715342407980258,False,0.949592073269206,0.6002270115851378,1.6511213779449463
Zn (Werner-DFT),Zn,Werner-DFT,main/Zn/nk/Werner-DFT.yml,59.89343482536612,3.4666377941814024,0.949592073269206,0.2992833447546991,0.2715342407980258,False,0.949592073269206,0.30372711510102623,1.6967864036560059
Pb (Mathewson-298K),Pb,Mathewson-298K,main/Pb/nk/Mathewson-298K.yml,54.74050059216722,1.5588541892481849,0.5607004722371706,0.32296252650713503,0.27596901817507835,False,0.5607004722371706,0.32712884894400773,1.8363335132598877
Cr (Sytchkova),Cr,Sytchkova,main/Cr/nk/Sytchkova.yml,10.352516174864748,0.9061399105833038,0.6913252756156385,0.24006940063500246,0.27653638307916273,False,0.6913252756156385,0.2449429759708604,1.7217700481414795
Co (Werner-DFT),Co,Werner-DFT,main/Co/nk/Werner-DFT.yml,10.112111359609797,0.8449023285735525,0.7110974288732093,0.2900255614188187,0.279636812214041,False,0.7110974288732093,0.29468024111219915,1.6165738105773926
Pd (Palm),Pd,Palm,main/Pd/nk/Palm.yml,26.87011880875683,0.9164640715660072,0.6529941941238494,0.40600399177925683,0.28172628762483376,False,0.6470151489298279,0.41058812901951036,1.5824968814849854
Cr (Rakic-BB),Cr,Rakic-BB,main/Cr/nk/Rakic-BB.yml,8.886452677794496,1.0253294520130396,0.7110974288732093,0.2708754519079096,0.2827153222880774,False,0.7110974288732093,0.2751595093182247,1.7523207664489746
Cu (Werner-DFT),Cu,Werner-DFT,main/Cu/nk/Werner-DFT.yml,368.4298630685623,8.882166665976108,0.7743706726650977,0.19901967006787272,0.2875643650368048,False,0.7815933504859054,0.21723485648932894,1.5288219451904297
Lu (Garcia-Cortes),Lu,Garcia-Cortes,main/Lu/nk/Garcia-Cortes.yml,4.127155490887639,0.753498994953251,0.949592073269206,0.2981512434177366,0.2905072989497218,False,0.949592073269206,0.3020502779987733,1.7628767490386963
Pd (Rakic-BB),Pd,Rakic-BB,main/Pd/nk/Rakic-BB.yml,27.8373387513447,0.9866296212930002,0.8751835167775174,0.38118924407332855,0.2905072989497218,False,0.8828702207782082,0.3859989784266072,1.5846574306488037
Pd (Rakic-LD),Pd,Rakic-LD,main/Pd/nk/Rakic-LD.yml,28.00711643646025,0.9905569793968964,0.8751835167775174,0.3810209652791475,0.2905072989497218,False,0.8828702207782082,0.3858576376224224,1.6866016387939453
Hg (Inagaki),Hg,Inagaki,main/Hg/nk/Inagaki.yml,26.57343999562073,2.0767056735012597,0.949592073269206,0.43453570618569015,0.2965978791453566,False,0.949592073269206,0.4386763676428942,1.6606261730194092
Cr (Rakic-LD),Cr,Rakic-LD,main/Cr/nk/Rakic-LD.yml,7.399856414790625,0.9001895228189757,0.7045863699651128,0.2688600672296729,0.30121599627280793,False,0.7045863699651128,0.2732595388906758,1.7174975872039795
stainless_steel (Karlsson-austenitic),stainless_steel,Karlsson-austenitic,other/alloys/stainless steel/nk/Karlsson-austenitic.yml,6.53844803842003,0.6637501664176432,0.949592073269206,0.3395187399711183,0.3025769243393781,False,0.949592073269206,0.3438140475064722,1.663146734237671
Au (Rosenblatt-11nm),Au,Rosenblatt-11nm,main/Au/nk/Rosenblatt-11nm.yml,43.00448907663099,3.7866636114445518,0.8040930601857076,0.3151424645548723,0.31421244438126383,False,0.8986559436695257,0.3243688457824872,1.5437953472137451
Mn (Querry),Mn,Querry,main/Mn/nk/Querry.yml,3.596400512300042,0.7090719581597736,0.8751835167775174,0.30937362988826567,0.32693783503706453,False,0.8751835167775174,0.3129439381135345,1.6041560173034668
Ni (Werner-DFT),Ni,Werner-DFT,main/Ni/nk/Werner-DFT.yml,21.505500173859375,0.8624638539996572,0.7110974288732093,0.36218823722305776,0.3703909270473049,False,0.7110974288732093,0.36663565583699365,1.649634838104248
